PRAGMA defer_foreign_keys=TRUE;
CREATE TABLE users (
  id TEXT PRIMARY KEY,
  email TEXT NOT NULL UNIQUE,
  name TEXT NOT NULL,
  role TEXT NOT NULL DEFAULT 'product_designer',
  created_at TEXT NOT NULL DEFAULT (datetime('now')),
  updated_at TEXT NOT NULL DEFAULT (datetime('now'))
);
INSERT INTO "users" ("id","email","name","role","created_at","updated_at") VALUES('usr_admin_001','v.hirenko@upstars.com','Viktor Hirenko','cpo_ceo','2026-02-23 17:20:12','2026-05-22 22:59:18');
INSERT INTO "users" ("id","email","name","role","created_at","updated_at") VALUES('usr_f59564a4056a4293','kontynium@upstars.com','Oleksandr Borysenko','admin','2026-02-24 20:45:49','2026-02-24 20:45:49');
INSERT INTO "users" ("id","email","name","role","created_at","updated_at") VALUES('usr_85362adb45b44e4a','v.katsovenko@upstars.com','Vlad Katsovenko','admin','2026-02-24 21:42:26','2026-03-18 18:01:44');
INSERT INTO "users" ("id","email","name","role","created_at","updated_at") VALUES('usr_3dfc6aaaee7544dd','m.syropulo@upstars.com','Marharyta Syropulo','admin','2026-02-24 21:42:53','2026-03-18 18:01:36');
INSERT INTO "users" ("id","email","name","role","created_at","updated_at") VALUES('usr_fa47aba01209420d','l.huzenko@upstars.com','Lucy Huzenko','admin','2026-02-24 21:43:46','2026-03-18 18:01:28');
INSERT INTO "users" ("id","email","name","role","created_at","updated_at") VALUES('usr_94d1022953c74f3b','kazantsev@upstars.com','Evgen Kazantsev','cpo_ceo','2026-02-24 21:51:01','2026-02-24 21:51:01');
INSERT INTO "users" ("id","email","name","role","created_at","updated_at") VALUES('usr_a5d31d908d924515','yurchenko@upstars.com','Oleksii Yurchenko','admin','2026-03-18 19:07:06','2026-03-18 19:07:06');
INSERT INTO "users" ("id","email","name","role","created_at","updated_at") VALUES('usr_ad7987044775410c','viktor.hirenko@gmail.com','Viktor Hirenko','product_owner','2026-03-23 09:53:17','2026-03-23 10:00:27');
INSERT INTO "users" ("id","email","name","role","created_at","updated_at") VALUES('usr_4fbb5633e9014bc7','agosumdeus@gmail.com','Oliver Smith','head_dhc','2026-03-23 09:54:09','2026-03-23 09:54:09');
INSERT INTO "users" ("id","email","name","role","created_at","updated_at") VALUES('usr_179922a1565e4c22','viktor.hirenko.dev@gmail.com','Viktor Hirenko','admin','2026-03-30 10:49:04','2026-05-22 23:03:17');
INSERT INTO "users" ("id","email","name","role","created_at","updated_at") VALUES('usr_edade59813104803','v.paitian@upstars.com','Valentyn Paitian','admin','2026-05-20 12:41:47','2026-05-20 12:41:47');
CREATE TABLE concepts (
  id TEXT PRIMARY KEY,
  name TEXT NOT NULL,
  description TEXT NOT NULL DEFAULT '',
  status TEXT NOT NULL DEFAULT 'active',
  visual_url TEXT,
  created_by TEXT NOT NULL,
  used_in_brand_id TEXT,
  created_at TEXT NOT NULL DEFAULT (datetime('now')),
  updated_at TEXT NOT NULL DEFAULT (datetime('now')), mode TEXT, gallery_url_1 TEXT, gallery_url_2 TEXT, gallery_url_3 TEXT, gallery_url_4 TEXT, gallery_url_5 TEXT, gallery_url_6 TEXT, gallery_url_7 TEXT, gallery_url_8 TEXT, gallery_url_9 TEXT, gallery_url_10 TEXT,
  FOREIGN KEY (created_by) REFERENCES users(id)
);
INSERT INTO "concepts" ("id","name","description","status","visual_url","created_by","used_in_brand_id","created_at","updated_at","mode","gallery_url_1","gallery_url_2","gallery_url_3","gallery_url_4","gallery_url_5","gallery_url_6","gallery_url_7","gallery_url_8","gallery_url_9","gallery_url_10") VALUES('con_858f1509f0104856','Energy','','active','/api/assets/concept_visual/con_858f1509f0104856/ast_c20d19b1e1104aac.png','usr_admin_001',NULL,'2026-02-24 16:57:24','2026-03-17 14:28:16','dark',NULL,NULL,NULL,NULL,NULL,NULL,NULL,NULL,NULL,NULL);
INSERT INTO "concepts" ("id","name","description","status","visual_url","created_by","used_in_brand_id","created_at","updated_at","mode","gallery_url_1","gallery_url_2","gallery_url_3","gallery_url_4","gallery_url_5","gallery_url_6","gallery_url_7","gallery_url_8","gallery_url_9","gallery_url_10") VALUES('con_a9a43fb45c1b4cce','Cake','','active','/api/assets/concept_visual/con_a9a43fb45c1b4cce/ast_36c5ee54d381454b.png','usr_admin_001',NULL,'2026-02-24 17:05:25','2026-03-17 14:28:08','light',NULL,NULL,NULL,NULL,NULL,NULL,NULL,NULL,NULL,NULL);
INSERT INTO "concepts" ("id","name","description","status","visual_url","created_by","used_in_brand_id","created_at","updated_at","mode","gallery_url_1","gallery_url_2","gallery_url_3","gallery_url_4","gallery_url_5","gallery_url_6","gallery_url_7","gallery_url_8","gallery_url_9","gallery_url_10") VALUES('con_bcaa45568177445b','New Western','','active','/api/assets/concept_visual/con_bcaa45568177445b/ast_f7cff0253d4641ed.png','usr_admin_001',NULL,'2026-02-24 17:06:18','2026-05-20 22:56:05','light','/api/assets/concept_gallery_1/con_bcaa45568177445b/ast_b3017626e85b4387.png',NULL,NULL,NULL,NULL,NULL,NULL,NULL,NULL,NULL);
INSERT INTO "concepts" ("id","name","description","status","visual_url","created_by","used_in_brand_id","created_at","updated_at","mode","gallery_url_1","gallery_url_2","gallery_url_3","gallery_url_4","gallery_url_5","gallery_url_6","gallery_url_7","gallery_url_8","gallery_url_9","gallery_url_10") VALUES('con_de54f044021b4d16','Secret Place','Східна магія та традиційна естетика','active','/api/assets/concept_visual/con_de54f044021b4d16/ast_3c25fa32a7ca4e2d.png','usr_admin_001',NULL,'2026-02-24 17:07:00','2026-05-21 10:02:37','light','/api/assets/concept_gallery_1/con_de54f044021b4d16/ast_5acc21af00e94115.png','/api/assets/concept_gallery_2/con_de54f044021b4d16/ast_834074887a2d4808.png','/api/assets/concept_gallery_3/con_de54f044021b4d16/ast_650116b20eb7491e.png','/api/assets/concept_gallery_4/con_de54f044021b4d16/ast_3dba4304420f4651.png','/api/assets/concept_gallery_5/con_de54f044021b4d16/ast_3f1e6846be324299.png','/api/assets/concept_gallery_6/con_de54f044021b4d16/ast_ad7d9bf524064f63.png','/api/assets/concept_preview_web/con_de54f044021b4d16/ast_e8d62029c641433c.jpg',NULL,NULL,NULL);
INSERT INTO "concepts" ("id","name","description","status","visual_url","created_by","used_in_brand_id","created_at","updated_at","mode","gallery_url_1","gallery_url_2","gallery_url_3","gallery_url_4","gallery_url_5","gallery_url_6","gallery_url_7","gallery_url_8","gallery_url_9","gallery_url_10") VALUES('con_61ad4d4454f44509','Magic East','Східна магія та традиційна естетика','active','/api/assets/concept_visual/con_61ad4d4454f44509/ast_8f3866c971014df9.png','usr_admin_001',NULL,'2026-03-18 14:12:02','2026-05-21 08:36:28','dark','/api/assets/concept_gallery_1/con_61ad4d4454f44509/ast_b462d792f9f445de.png','/api/assets/concept_gallery_2/con_61ad4d4454f44509/ast_7bf5f58794ae4383.png','/api/assets/concept_gallery_3/con_61ad4d4454f44509/ast_9480c05a053342be.png','/api/assets/concept_gallery_4/con_61ad4d4454f44509/ast_9db56ebe93ec4624.png','/api/assets/concept_gallery_5/con_61ad4d4454f44509/ast_11a9cfac90094054.png','/api/assets/concept_gallery_6/con_61ad4d4454f44509/ast_2a2157a9c04d42b7.png','/api/assets/concept_preview_web/con_61ad4d4454f44509/ast_6294a6e6bd8b49eb.jpg',NULL,NULL,NULL);
CREATE TABLE external_namings (
  id TEXT PRIMARY KEY,
  name TEXT NOT NULL,
  tagline TEXT NOT NULL DEFAULT '',
  concept_id TEXT,
  status TEXT NOT NULL DEFAULT 'active',
  created_by TEXT NOT NULL,
  used_in_brand_id TEXT,
  created_at TEXT NOT NULL DEFAULT (datetime('now')),
  updated_at TEXT NOT NULL DEFAULT (datetime('now')), domain TEXT, price REAL, availability_status TEXT DEFAULT 'unknown', domain_checked_at TEXT, domain_check_source TEXT DEFAULT 'manual',
  FOREIGN KEY (concept_id) REFERENCES concepts(id) ON DELETE SET NULL,
  FOREIGN KEY (created_by) REFERENCES users(id)
);
INSERT INTO "external_namings" ("id","name","tagline","concept_id","status","created_by","used_in_brand_id","created_at","updated_at","domain","price","availability_status","domain_checked_at","domain_check_source") VALUES('exn_f65a7c2e184f48d7','Winstery','Where brands come alive','con_de54f044021b4d16','active','usr_admin_001',NULL,'2026-02-24 18:41:50','2026-05-24 06:00:39','test89sdf.com',15,'available','2026-05-24T06:00:39.553Z','pananames');
INSERT INTO "external_namings" ("id","name","tagline","concept_id","status","created_by","used_in_brand_id","created_at","updated_at","domain","price","availability_status","domain_checked_at","domain_check_source") VALUES('exn_c355487822724741','Winzardio','Illuminate your identity','con_bcaa45568177445b','active','usr_admin_001',NULL,'2026-02-24 18:42:16','2026-05-24 06:00:40','sdjksflhgrr90sdt.com',15,'available','2026-05-24T06:00:40.850Z','pananames');
INSERT INTO "external_namings" ("id","name","tagline","concept_id","status","created_by","used_in_brand_id","created_at","updated_at","domain","price","availability_status","domain_checked_at","domain_check_source") VALUES('exn_38c73b29357745a9','Winphoria','Crystal clear branding','con_de54f044021b4d16','active','usr_admin_001',NULL,'2026-02-24 18:42:46','2026-05-24 06:00:41','slfji78e9kj.com',15,'available','2026-05-24T06:00:41.709Z','pananames');
INSERT INTO "external_namings" ("id","name","tagline","concept_id","status","created_by","used_in_brand_id","created_at","updated_at","domain","price","availability_status","domain_checked_at","domain_check_source") VALUES('exn_501c932f512d452c','JoyMania','Peak brand excellence','con_bcaa45568177445b','active','usr_admin_001',NULL,'2026-02-24 18:43:06','2026-05-24 06:00:42','winzardio-brand.net',16,'available','2026-05-24T06:00:42.590Z','pananames');
INSERT INTO "external_namings" ("id","name","tagline","concept_id","status","created_by","used_in_brand_id","created_at","updated_at","domain","price","availability_status","domain_checked_at","domain_check_source") VALUES('exn_875f276872ae4971','WinRide','Your brand presence','con_bcaa45568177445b','active','usr_admin_001',NULL,'2026-02-24 18:43:26','2026-05-24 06:00:43','xqzwbrand2026test.com',15,'available','2026-05-24T06:00:43.506Z','pananames');
INSERT INTO "external_namings" ("id","name","tagline","concept_id","status","created_by","used_in_brand_id","created_at","updated_at","domain","price","availability_status","domain_checked_at","domain_check_source") VALUES('exn_3b4e65e402674be2','Jumanzo','Connected branding','con_de54f044021b4d16','active','usr_admin_001',NULL,'2026-02-24 18:43:46','2026-05-24 06:00:44','amazon.com',15,'sold','2026-05-24T06:00:44.365Z','pananames');
INSERT INTO "external_namings" ("id","name","tagline","concept_id","status","created_by","used_in_brand_id","created_at","updated_at","domain","price","availability_status","domain_checked_at","domain_check_source") VALUES('exn_56cee2bde6c14c33','Tanzana','Bold brand stories','con_de54f044021b4d16','active','usr_admin_001',NULL,'2026-02-24 18:44:06','2026-05-24 06:00:45','apple.com',15,'sold','2026-05-24T06:00:45.167Z','pananames');
INSERT INTO "external_namings" ("id","name","tagline","concept_id","status","created_by","used_in_brand_id","created_at","updated_at","domain","price","availability_status","domain_checked_at","domain_check_source") VALUES('exn_4f76cf84708f43e2','Echo','Your voice amplified','con_a9a43fb45c1b4cce','active','usr_admin_001',NULL,'2026-02-24 18:44:31','2026-05-24 06:00:45','google.com',15,'sold','2026-05-24T06:00:45.976Z','pananames');
INSERT INTO "external_namings" ("id","name","tagline","concept_id","status","created_by","used_in_brand_id","created_at","updated_at","domain","price","availability_status","domain_checked_at","domain_check_source") VALUES('exn_c7a7860ee2b84ba2','TestEcho','Lorem ipsum','con_de54f044021b4d16','active','usr_admin_001',NULL,'2026-04-02 14:51:20','2026-05-24 06:00:46','test-echo45.net',16,'available','2026-05-24T06:00:46.782Z','pananames');
INSERT INTO "external_namings" ("id","name","tagline","concept_id","status","created_by","used_in_brand_id","created_at","updated_at","domain","price","availability_status","domain_checked_at","domain_check_source") VALUES('exn_8229ea36397e4bec','TestWinstery','Where brands come alive','con_61ad4d4454f44509','active','usr_admin_001',NULL,'2026-05-21 08:38:17','2026-05-24 06:00:47','qwerty.net',16,'sold','2026-05-24T06:00:47.610Z','pananames');
CREATE TABLE internal_namings (
  id TEXT PRIMARY KEY,
  name TEXT NOT NULL,
  tagline TEXT NOT NULL DEFAULT '',
  status TEXT NOT NULL DEFAULT 'active',
  created_by TEXT NOT NULL,
  used_in_brand_id TEXT,
  created_at TEXT NOT NULL DEFAULT (datetime('now')),
  updated_at TEXT NOT NULL DEFAULT (datetime('now')),
  FOREIGN KEY (created_by) REFERENCES users(id)
);
INSERT INTO "internal_namings" ("id","name","tagline","status","created_by","used_in_brand_id","created_at","updated_at") VALUES('inn_03c0abab5713456b','Project Phoenix','Відродження бренду','active','usr_admin_001',NULL,'2026-02-24 18:45:02','2026-05-20 21:25:29');
INSERT INTO "internal_namings" ("id","name","tagline","status","created_by","used_in_brand_id","created_at","updated_at") VALUES('inn_f966387ca2984296','Brand Alpha','Перший крок у створенні','active','usr_admin_001',NULL,'2026-02-24 18:45:23','2026-02-24 18:45:23');
INSERT INTO "internal_namings" ("id","name","tagline","status","created_by","used_in_brand_id","created_at","updated_at") VALUES('inn_fb35ce26bd794e4b','Initiative Nova','Новий початок','active','usr_admin_001',NULL,'2026-02-24 18:45:43','2026-02-24 18:45:43');
INSERT INTO "internal_namings" ("id","name","tagline","status","created_by","used_in_brand_id","created_at","updated_at") VALUES('inn_e0b2c47ec99549de','Project Spark','Іскра креативності','active','usr_admin_001',NULL,'2026-02-24 18:46:06','2026-05-20 22:56:05');
INSERT INTO "internal_namings" ("id","name","tagline","status","created_by","used_in_brand_id","created_at","updated_at") VALUES('inn_50e80e585f534808','Venture Prime','Головний проєкт','active','usr_admin_001',NULL,'2026-02-24 18:46:26','2026-05-20 20:52:07');
INSERT INTO "internal_namings" ("id","name","tagline","status","created_by","used_in_brand_id","created_at","updated_at") VALUES('inn_3c000c46d9e44de7','Mission Delta','Зміни та інновації','active','usr_admin_001',NULL,'2026-02-24 18:46:49','2026-05-19 22:52:38');
INSERT INTO "internal_namings" ("id","name","tagline","status","created_by","used_in_brand_id","created_at","updated_at") VALUES('inn_b4bf9ebeed9d4275','Code Genesis','Початок історії','active','usr_admin_001',NULL,'2026-02-24 18:47:07','2026-05-20 10:41:24');
INSERT INTO "internal_namings" ("id","name","tagline","status","created_by","used_in_brand_id","created_at","updated_at") VALUES('inn_786f8da7ee7c4320','Project Echo','Голос команди','active','usr_admin_001',NULL,'2026-02-24 18:47:28','2026-05-21 10:02:37');
CREATE TABLE pr_packages (
  id TEXT PRIMARY KEY,
  number INTEGER NOT NULL UNIQUE,
  name TEXT NOT NULL,
  description TEXT NOT NULL DEFAULT '',
  teams_involved TEXT NOT NULL DEFAULT '',
  requirements TEXT NOT NULL DEFAULT '',
  goals TEXT NOT NULL DEFAULT '',
  components_list TEXT NOT NULL DEFAULT '',
  timeline TEXT NOT NULL DEFAULT '',
  expenses TEXT NOT NULL DEFAULT '',
  status TEXT NOT NULL DEFAULT 'active',
  created_by TEXT NOT NULL,
  created_at TEXT NOT NULL DEFAULT (datetime('now')),
  updated_at TEXT NOT NULL DEFAULT (datetime('now')), used_in_brand_id TEXT,
  FOREIGN KEY (created_by) REFERENCES users(id)
);
INSERT INTO "pr_packages" ("id","number","name","description","teams_involved","requirements","goals","components_list","timeline","expenses","status","created_by","created_at","updated_at","used_in_brand_id") VALUES('prp_dd76d8c14d2643b0',1,'Trust Focus','Створення та ведення сторінок на Trustpilot на дзеркальні домени — від налаштування профілів до регулярної модерації, роботи з відгуками та підтримки стабільного рейтингу.','PR, Retention, Copy','Посилання для сторінок + зациклені мейли для кампаній + бот/сапорт для прийому скрінів',replace('1. Зайняти позиції у пошуковій видачі та не допустити появи "паразитних" або некерованих сторінок із низькими рейтингами.\n2. Побудувати контрольовану репутацію на платформі\n3. Утримувати рейтинг 4.6+, що формує довіру нових користувачів.\n4. Уникати накопичення органічного негативу, який з''являється при відсутності комунікації та модерації з боку бренду.','\n',char(10)),replace('+ Створення та налаштування трьох сторінок бренду на Trustpilot.\n+ Оформлення профілів: основна інформація, логотипи, контактні дані, базові описи.\n+ Регулярна модерація відгуків та оперативні відповіді за узгодженим Tone of Voice.\n+ Виявлення та опрацювання некоректних або фейкових відгуків через Trustpilot dispute-центр.\n+ Постійний моніторинг репутаційної динаміки та ключових показників.\n+ Проведення кампаній для підтримки стабільного рейтингу 4.6+ (e-mail, soft-push, інші інструменти).\n+ Передача критичних або продуктово важливих звернень у Support/Product для опрацювання.\n+ Щомісячна аналітика: рейтинг, кількість відгуків, баланс позитив/негатив, ризики, рекомендації.\n+ Підтримка повної працездатності та актуальності всіх сторінок у довгостроковій перспективі.\n','\n',char(10)),'0-3 місяці протягом повного старту проєкту','Підключення до медіамоніторингу','active','usr_admin_001','2026-02-24 19:09:36','2026-05-20 22:57:30','brand_2118b6523db94282');
INSERT INTO "pr_packages" ("id","number","name","description","teams_involved","requirements","goals","components_list","timeline","expenses","status","created_by","created_at","updated_at","used_in_brand_id") VALUES('prp_d4dbe0d7f7b14e7e',2,'Social Trust','Створення та підтримка активної присутності бренду в соціальних мережах — від розробки контент-стратегії до щоденного постингу та взаємодії з аудиторією.','SMM, Copy, Design','Доступи до соціальних мереж + брендбук + контент-план',replace('1. Забезпечити регулярну присутність бренду в соціальних мережах.\n2. Побудувати довіру через органічний контент та взаємодію з аудиторією.\n3. Створити позитивний імідж бренду через соціальні платформи.\n4. Підвищити впізнаваність та залученість цільової аудиторії.','\n',char(10)),replace('+ Розробка контент-стратегії для основних соціальних платформ.\n+ Створення та публікація регулярних постів згідно з контент-планом.\n+ Дизайн візуального контенту: банери, сторіз, відео-превʼю.\n+ Моніторинг коментарів та оперативні відповіді користувачам.\n+ Аналіз метрик залученості та коригування стратегії.\n+ Координація з іншими командами для актуального контенту.\n+ Проведення спеціальних кампаній та активностей в соцмережах.\n+ Щомісячна звітність з рекомендаціями щодо оптимізації.','\n',char(10)),'1-2 місяці для повного запуску','Рекламний бюджет для просування контенту','active','usr_admin_001','2026-02-24 19:16:47','2026-03-16 16:25:08',NULL);
INSERT INTO "pr_packages" ("id","number","name","description","teams_involved","requirements","goals","components_list","timeline","expenses","status","created_by","created_at","updated_at","used_in_brand_id") VALUES('prp_e4a3cfe1140844d0',3,'Full Reputation','Робота з ключовими оглядачами та рейтинговими платформами — від встановлення контакту до підтримки високих позицій у рейтингах та моніторингу згадок.','PR, Copy, Makeberry Aff','Список цільових оглядачів + матеріали для презентації бренду',replace('1. Забезпечити присутність бренду на провідних оглядових платформах.\n2. Підтримувати високі позиції в рейтингах та топах.\n3. Контролювати інформацію про бренд на оглядових ресурсах.\n4. Оперативно реагувати на зміни рейтингів та згадок бренду.','\n',char(10)),replace('+ Аналіз та формування списку ключових оглядачів у ніші.\n+ Встановлення контакту з представниками оглядових платформ.\n+ Підготовка матеріалів для презентації бренду оглядачам.\n+ Моніторинг позицій бренду на оглядових ресурсах.\n+ Робота над підтримкою високих рейтингів та позицій у топах.\n+ Опрацювання негативних згадок або неточностей в інформації.\n+ Регулярна комунікація з оглядачами для актуалізації даних.\n+ Щомісячна звітність з аналізом позицій та рекомендаціями.','\n',char(10)),'2-4 місяці для повного запуску','Бюджет на співпрацю з оглядачами','active','usr_admin_001','2026-02-24 19:19:53','2026-03-16 16:25:29',NULL);
INSERT INTO "pr_packages" ("id","number","name","description","teams_involved","requirements","goals","components_list","timeline","expenses","status","created_by","created_at","updated_at","used_in_brand_id") VALUES('prp_2a99bf0907b94318',4,'Media Reputation','Побудова медійної присутності бренду через прес-релізи, публікації у профільних виданнях та формування позитивного інформаційного поля навколо продукту.','PR, Copy, Retention','Прес-кіт бренду + контакти медіа + інформаційні приводи',replace('1. Забезпечити регулярну появу бренду у профільних медіа.\n2. Сформувати позитивний інформаційний фон навколо продукту.\n3. Побудувати репутацію бренду як надійного гравця ринку.\n4. Залучити увагу цільової аудиторії через медійні канали.','\n',char(10)),replace('+ Формування медіа-списку профільних видань та журналістів.\n+ Підготовка прес-релізів про ключові події компанії.\n+ Координація інтервʼю та коментарів для медіа.\n+ Моніторинг згадок бренду в медійному просторі.\n+ Робота з негативними публікаціями та спростуваннями.\n+ Організація прес-конференцій та медіа-подій (за потреби).\n+ Підготовка матеріалів для гостьових публікацій.\n+ Щомісячна звітність з медіа-активності та охоплення.','\n',char(10)),'1-3 місяці для встановлення медіа-зв''язків','Бюджет на медіа-кіт та івенти','active','usr_admin_001','2026-02-24 19:25:03','2026-03-16 16:24:44',NULL);
INSERT INTO "pr_packages" ("id","number","name","description","teams_involved","requirements","goals","components_list","timeline","expenses","status","created_by","created_at","updated_at","used_in_brand_id") VALUES('prp_677aea62d5f342b9',5,'Brand Excellence','Управління участю бренду в нішевих iGaming-нагородах, конкурсах та спонсорських активностях — від відбору подій до підготовки документів та підтримки репутації.','PR, Retention, Creative','Інформація про бренд + досягнення компанії + бюджет на участь',replace('1. Підвищити впізнаваність бренду через участь у галузевих нагородах.\n2. Побудувати імідж інноваційної та відповідальної компанії.\n3. Отримати додаткові PR-приводи через нагороди та номінації.\n4. Зміцнити позиції бренду серед конкурентів через спонсорства.','\n',char(10)),replace('+ Аналіз релевантних iGaming-нагород та конкурсів для участі.\n+ Підготовка заявок та супровідних матеріалів для номінацій.\n+ Координація процесу подання на нагороди та відстеження результатів.\n+ Пошук спонсорських можливостей у профільних подіях.\n+ Підготовка презентаційних матеріалів для спонсорських активацій.\n+ PR-підтримка під час та після отримання нагород.\n+ Моніторинг репутаційного впливу участі в нагородах.\n+ Щомісячна звітність з аналізом ROI спонсорських активностей.','\n',char(10)),'3-6 місяців залежно від календаря подій','Реєстраційні внески та спонсорські пакети','active','usr_admin_001','2026-02-24 19:27:22','2026-03-16 16:25:47',NULL);
INSERT INTO "pr_packages" ("id","number","name","description","teams_involved","requirements","goals","components_list","timeline","expenses","status","created_by","created_at","updated_at","used_in_brand_id") VALUES('prp_11e7a0f3079a47c3',6,'Total Market Presence','Залучення інфлюєнсерів для проведення PR-активностей бренду — від пошуку релевантних амбасадорів до організації кампаній та аналізу результатів.','PR, Copy, SMM','Бриф кампанії + бюджет на інфлюєнсерів + креативні матеріали',replace('1. Підвищити охоплення цільової аудиторії через довірених лідерів думок.\n2. Сформувати позитивне сприйняття бренду через автентичні рекомендації.\n3. Залучити нових користувачів через інфлюєнсер-кампанії.\n4. Побудувати довгострокові відносини з ключовими амбасадорами бренду.','\n',char(10)),replace('+ Аналіз та відбір релевантних інфлюєнсерів для бренду.\n+ Розробка стратегії інфлюєнсер-маркетингу та кампаній.\n+ Переговори та укладання угод з обраними інфлюєнсерами.\n+ Підготовка брифів та креативних матеріалів для кампаній.\n+ Координація виробництва контенту разом з інфлюєнсерами.\n+ Моніторинг публікацій та взаємодії з аудиторією.\n+ Аналіз ефективності кампаній: охоплення, залученість, конверсії.\n+ Щомісячна звітність з рекомендаціями щодо оптимізації.','\n',char(10)),'2-4 місяці для запуску перших кампаній','Бюджет на гонорари інфлюєнсерів та продакшн','active','usr_admin_001','2026-02-24 19:29:23','2026-03-16 16:26:08',NULL);
CREATE TABLE component_types (
  id TEXT PRIMARY KEY,
  name TEXT NOT NULL UNIQUE,
  description TEXT NOT NULL DEFAULT '',
  sort_order INTEGER NOT NULL DEFAULT 0,
  created_at TEXT NOT NULL DEFAULT (datetime('now'))
);
INSERT INTO "component_types" ("id","name","description","sort_order","created_at") VALUES('ct_banners','Banners','Promotional banners displayed on the main page',1,'2026-02-23 17:20:12');
INSERT INTO "component_types" ("id","name","description","sort_order","created_at") VALUES('ct_tabbar','Tabbar','Bottom navigation tab bar',2,'2026-02-23 17:20:12');
INSERT INTO "component_types" ("id","name","description","sort_order","created_at") VALUES('ct_header','Header','Top header with logo and navigation',3,'2026-02-23 17:20:12');
INSERT INTO "component_types" ("id","name","description","sort_order","created_at") VALUES('ct_thumbnails','Thumbnails','Game and category thumbnail cards',4,'2026-02-23 17:20:12');
INSERT INTO "component_types" ("id","name","description","sort_order","created_at") VALUES('ct_sidebar','Sidebar','Side navigation panel',5,'2026-02-23 17:20:12');
INSERT INTO "component_types" ("id","name","description","sort_order","created_at") VALUES('ct_theme','Theme','Light or dark color theme',6,'2026-02-23 17:20:12');
CREATE TABLE component_variants (
  id TEXT PRIMARY KEY,
  component_type_id TEXT NOT NULL,
  name TEXT NOT NULL,
  variant_number INTEGER NOT NULL,
  thumbnail_url TEXT,
  preview_url TEXT,
  status TEXT NOT NULL DEFAULT 'active',
  created_by TEXT NOT NULL,
  used_in_brand_id TEXT,
  created_at TEXT NOT NULL DEFAULT (datetime('now')),
  updated_at TEXT NOT NULL DEFAULT (datetime('now')),
  FOREIGN KEY (component_type_id) REFERENCES component_types(id) ON DELETE CASCADE,
  FOREIGN KEY (created_by) REFERENCES users(id)
);
INSERT INTO "component_variants" ("id","component_type_id","name","variant_number","thumbnail_url","preview_url","status","created_by","used_in_brand_id","created_at","updated_at") VALUES('cvr_897cc7d399c84c6c','ct_banners','Type 3',3,'/api/assets/component_thumbnail/cvr_897cc7d399c84c6c/ast_2314cdac40db4e9b.png',NULL,'active','usr_admin_001',NULL,'2026-02-24 18:53:14','2026-02-24 18:53:20');
INSERT INTO "component_variants" ("id","component_type_id","name","variant_number","thumbnail_url","preview_url","status","created_by","used_in_brand_id","created_at","updated_at") VALUES('cvr_36c23bcd42534d90','ct_header','Type 2',2,'/api/assets/component_thumbnail/cvr_36c23bcd42534d90/ast_8fea9c9ce417431f.png',NULL,'active','usr_admin_001',NULL,'2026-02-24 18:54:45','2026-03-18 17:47:51');
INSERT INTO "component_variants" ("id","component_type_id","name","variant_number","thumbnail_url","preview_url","status","created_by","used_in_brand_id","created_at","updated_at") VALUES('cvr_bcafe1deb4364d82','ct_header','Type 3',3,'/api/assets/component_thumbnail/cvr_bcafe1deb4364d82/ast_35ae76e757614f4f.png',NULL,'active','usr_admin_001',NULL,'2026-02-24 18:55:00','2026-02-24 18:55:06');
INSERT INTO "component_variants" ("id","component_type_id","name","variant_number","thumbnail_url","preview_url","status","created_by","used_in_brand_id","created_at","updated_at") VALUES('cvr_b78014e2c42b42ba','ct_sidebar','Type 2',2,'/api/assets/component_thumbnail/cvr_b78014e2c42b42ba/ast_22e959772a974199.png',NULL,'active','usr_admin_001',NULL,'2026-02-24 18:57:32','2026-03-18 17:47:51');
INSERT INTO "component_variants" ("id","component_type_id","name","variant_number","thumbnail_url","preview_url","status","created_by","used_in_brand_id","created_at","updated_at") VALUES('cvr_fa574a6bb9a54abd','ct_banners','Type 2',4,'/api/assets/component_thumbnail/cvr_fa574a6bb9a54abd/ast_6ddf6cc6ac114b7e.png',NULL,'active','usr_admin_001',NULL,'2026-03-18 09:14:47','2026-03-18 17:47:51');
INSERT INTO "component_variants" ("id","component_type_id","name","variant_number","thumbnail_url","preview_url","status","created_by","used_in_brand_id","created_at","updated_at") VALUES('cvr_ad9b536f652a4e81','ct_thumbnails','Type 2',3,'/api/assets/component_thumbnail/cvr_ad9b536f652a4e81/ast_d3e0935b080a4140.png',NULL,'active','usr_admin_001',NULL,'2026-03-18 09:16:23','2026-03-18 17:47:51');
INSERT INTO "component_variants" ("id","component_type_id","name","variant_number","thumbnail_url","preview_url","status","created_by","used_in_brand_id","created_at","updated_at") VALUES('cvr_f37383ee201c40e9','ct_tabbar','Type 3',4,'/api/assets/component_thumbnail/cvr_f37383ee201c40e9/ast_f4c3457ee01b4a14.png',NULL,'active','usr_admin_001',NULL,'2026-03-18 09:17:32','2026-03-18 09:17:47');
INSERT INTO "component_variants" ("id","component_type_id","name","variant_number","thumbnail_url","preview_url","status","created_by","used_in_brand_id","created_at","updated_at") VALUES('cvr_3b35e684ab1e4d2b','ct_sidebar','Type 3',4,'/api/assets/component_thumbnail/cvr_3b35e684ab1e4d2b/ast_e29da26597b64b98.png',NULL,'active','usr_admin_001',NULL,'2026-03-18 09:18:23','2026-03-18 09:18:44');
INSERT INTO "component_variants" ("id","component_type_id","name","variant_number","thumbnail_url","preview_url","status","created_by","used_in_brand_id","created_at","updated_at") VALUES('cvr_7f5b07a9ad854399','ct_header','Type 1',5,'/api/assets/component_thumbnail/cvr_7f5b07a9ad854399/ast_28029c0aa438425c.png',NULL,'active','usr_admin_001',NULL,'2026-03-18 09:29:13','2026-03-24 13:16:40');
INSERT INTO "component_variants" ("id","component_type_id","name","variant_number","thumbnail_url","preview_url","status","created_by","used_in_brand_id","created_at","updated_at") VALUES('cvr_5bb4b69bbab042ab','ct_banners','Type 1',5,'/api/assets/component_thumbnail/cvr_5bb4b69bbab042ab/ast_03d59d9d73404105.png',NULL,'active','usr_admin_001',NULL,'2026-03-18 09:29:45','2026-03-24 13:16:40');
INSERT INTO "component_variants" ("id","component_type_id","name","variant_number","thumbnail_url","preview_url","status","created_by","used_in_brand_id","created_at","updated_at") VALUES('cvr_989357bfe7ff4891','ct_tabbar','Type 1',5,'/api/assets/component_thumbnail/cvr_989357bfe7ff4891/ast_871ac7c082c84a29.png',NULL,'active','usr_admin_001',NULL,'2026-03-18 09:30:21','2026-03-24 13:16:40');
INSERT INTO "component_variants" ("id","component_type_id","name","variant_number","thumbnail_url","preview_url","status","created_by","used_in_brand_id","created_at","updated_at") VALUES('cvr_956e56de84134edd','ct_thumbnails','Type 1',4,'/api/assets/component_thumbnail/cvr_956e56de84134edd/ast_690bbc2159b9477c.png',NULL,'active','usr_admin_001',NULL,'2026-03-18 09:30:50','2026-03-24 13:16:40');
INSERT INTO "component_variants" ("id","component_type_id","name","variant_number","thumbnail_url","preview_url","status","created_by","used_in_brand_id","created_at","updated_at") VALUES('cvr_1480e16af68d4549','ct_sidebar','Type 1',5,'/api/assets/component_thumbnail/cvr_1480e16af68d4549/ast_8f530b72d43c4f2f.png',NULL,'active','usr_admin_001',NULL,'2026-03-18 09:31:32','2026-03-24 13:16:40');
INSERT INTO "component_variants" ("id","component_type_id","name","variant_number","thumbnail_url","preview_url","status","created_by","used_in_brand_id","created_at","updated_at") VALUES('cvr_d95f0f98592e4918','ct_tabbar','Type 2',6,'/api/assets/component_thumbnail/cvr_d95f0f98592e4918/ast_9338647466d54779.png',NULL,'active','usr_admin_001',NULL,'2026-03-18 14:08:10','2026-03-18 17:47:51');
CREATE TABLE assets (
  id TEXT PRIMARY KEY,
  entity_type TEXT NOT NULL,
  entity_id TEXT NOT NULL,
  file_url TEXT NOT NULL,
  file_name TEXT NOT NULL,
  file_type TEXT NOT NULL,
  aspect_ratio REAL NOT NULL,
  width INTEGER NOT NULL,
  height INTEGER NOT NULL,
  file_size INTEGER NOT NULL,
  created_at TEXT NOT NULL DEFAULT (datetime('now'))
);
INSERT INTO "assets" ("id","entity_type","entity_id","file_url","file_name","file_type","aspect_ratio","width","height","file_size","created_at") VALUES('ast_b326618ec2a14645','concept_visual','con_2242c7ace3154a3e','/api/assets/concept_visual/con_2242c7ace3154a3e/ast_b326618ec2a14645.png','Concept_Magic_East_2.png','png',0.6749116607773852,764,1132,1658966,'2026-02-24 16:51:55');
INSERT INTO "assets" ("id","entity_type","entity_id","file_url","file_name","file_type","aspect_ratio","width","height","file_size","created_at") VALUES('ast_c20d19b1e1104aac','concept_visual','con_858f1509f0104856','/api/assets/concept_visual/con_858f1509f0104856/ast_c20d19b1e1104aac.png','Concept_Energy_1.png','png',0.6754385964912281,770,1140,1563580,'2026-02-24 16:57:37');
INSERT INTO "assets" ("id","entity_type","entity_id","file_url","file_name","file_type","aspect_ratio","width","height","file_size","created_at") VALUES('ast_36c5ee54d381454b','concept_visual','con_a9a43fb45c1b4cce','/api/assets/concept_visual/con_a9a43fb45c1b4cce/ast_36c5ee54d381454b.png','concept_cake_1.png','png',1,944,944,1535925,'2026-02-24 17:05:34');
INSERT INTO "assets" ("id","entity_type","entity_id","file_url","file_name","file_type","aspect_ratio","width","height","file_size","created_at") VALUES('ast_f7cff0253d4641ed','concept_visual','con_bcaa45568177445b','/api/assets/concept_visual/con_bcaa45568177445b/ast_f7cff0253d4641ed.png','new_western_0.png','png',1.9945945945945946,738,370,397089,'2026-02-24 17:06:25');
INSERT INTO "assets" ("id","entity_type","entity_id","file_url","file_name","file_type","aspect_ratio","width","height","file_size","created_at") VALUES('ast_94adc82903c5485e','concept_visual','con_de54f044021b4d16','/api/assets/concept_visual/con_de54f044021b4d16/ast_94adc82903c5485e.png','new_western_0.png','png',1.9945945945945946,738,370,397089,'2026-02-24 17:07:12');
INSERT INTO "assets" ("id","entity_type","entity_id","file_url","file_name","file_type","aspect_ratio","width","height","file_size","created_at") VALUES('ast_7dd5f27bc227456d','concept_visual','con_de54f044021b4d16','/api/assets/concept_visual/con_de54f044021b4d16/ast_7dd5f27bc227456d.png','indiana_0.png','png',1.9945945945945946,738,370,384371,'2026-02-24 17:07:20');
INSERT INTO "assets" ("id","entity_type","entity_id","file_url","file_name","file_type","aspect_ratio","width","height","file_size","created_at") VALUES('ast_d79dd21fd5db4f1d','component_thumbnail','cvr_a5ac269e0a14434a','/api/assets/component_thumbnail/cvr_a5ac269e0a14434a/ast_d79dd21fd5db4f1d.png','banner_1.png','png',1.9322916666666667,371,192,103896,'2026-02-24 18:52:50');
INSERT INTO "assets" ("id","entity_type","entity_id","file_url","file_name","file_type","aspect_ratio","width","height","file_size","created_at") VALUES('ast_a66872940cac4b1b','component_thumbnail','cvr_c2d7aa8a55644545','/api/assets/component_thumbnail/cvr_c2d7aa8a55644545/ast_a66872940cac4b1b.png','banner_2.png','png',1.9322916666666667,371,192,94355,'2026-02-24 18:53:08');
INSERT INTO "assets" ("id","entity_type","entity_id","file_url","file_name","file_type","aspect_ratio","width","height","file_size","created_at") VALUES('ast_2314cdac40db4e9b','component_thumbnail','cvr_897cc7d399c84c6c','/api/assets/component_thumbnail/cvr_897cc7d399c84c6c/ast_2314cdac40db4e9b.png','banner_3.png','png',1.9322916666666667,371,192,86842,'2026-02-24 18:53:20');
INSERT INTO "assets" ("id","entity_type","entity_id","file_url","file_name","file_type","aspect_ratio","width","height","file_size","created_at") VALUES('ast_3250b060226842d6','component_thumbnail','cvr_ccbdfb2a036646be','/api/assets/component_thumbnail/cvr_ccbdfb2a036646be/ast_3250b060226842d6.png','tab_bar_1.png','png',5.065789473684211,385,76,13775,'2026-02-24 18:53:46');
INSERT INTO "assets" ("id","entity_type","entity_id","file_url","file_name","file_type","aspect_ratio","width","height","file_size","created_at") VALUES('ast_39cadd3e2e5d4db0','component_thumbnail','cvr_64ec54414c0948cd','/api/assets/component_thumbnail/cvr_64ec54414c0948cd/ast_39cadd3e2e5d4db0.png','tab_bar_2.png','png',4.315789473684211,328,76,4032,'2026-02-24 18:53:58');
INSERT INTO "assets" ("id","entity_type","entity_id","file_url","file_name","file_type","aspect_ratio","width","height","file_size","created_at") VALUES('ast_5342494309bc4cc0','component_thumbnail','cvr_9ef5ffccafc1473f','/api/assets/component_thumbnail/cvr_9ef5ffccafc1473f/ast_5342494309bc4cc0.png','tab_bar_3.png','png',4.526315789473684,344,76,7155,'2026-02-24 18:54:13');
INSERT INTO "assets" ("id","entity_type","entity_id","file_url","file_name","file_type","aspect_ratio","width","height","file_size","created_at") VALUES('ast_12170f7136144bb0','component_thumbnail','cvr_da05464668854be7','/api/assets/component_thumbnail/cvr_da05464668854be7/ast_12170f7136144bb0.png','header_1.png','png',6.046875,387,64,4319,'2026-02-24 18:54:35');
INSERT INTO "assets" ("id","entity_type","entity_id","file_url","file_name","file_type","aspect_ratio","width","height","file_size","created_at") VALUES('ast_8fea9c9ce417431f','component_thumbnail','cvr_36c23bcd42534d90','/api/assets/component_thumbnail/cvr_36c23bcd42534d90/ast_8fea9c9ce417431f.png','header_2.png','png',5.625,360,64,12117,'2026-02-24 18:54:54');
INSERT INTO "assets" ("id","entity_type","entity_id","file_url","file_name","file_type","aspect_ratio","width","height","file_size","created_at") VALUES('ast_35ae76e757614f4f','component_thumbnail','cvr_bcafe1deb4364d82','/api/assets/component_thumbnail/cvr_bcafe1deb4364d82/ast_35ae76e757614f4f.png','header_3.png','png',5.625,360,64,6330,'2026-02-24 18:55:06');
INSERT INTO "assets" ("id","entity_type","entity_id","file_url","file_name","file_type","aspect_ratio","width","height","file_size","created_at") VALUES('ast_d03d3fbaed6549ce','component_thumbnail','cvr_d60cb77356244554','/api/assets/component_thumbnail/cvr_d60cb77356244554/ast_d03d3fbaed6549ce.png','thumbnails_1.png','png',2.2083333333333335,371,168,146013,'2026-02-24 18:55:23');
INSERT INTO "assets" ("id","entity_type","entity_id","file_url","file_name","file_type","aspect_ratio","width","height","file_size","created_at") VALUES('ast_4fa95d53f844411f','component_thumbnail','cvr_d905673b042f40b8','/api/assets/component_thumbnail/cvr_d905673b042f40b8/ast_4fa95d53f844411f.png','thumbnails_2.png','png',1.855,371,200,180613,'2026-02-24 18:55:34');
INSERT INTO "assets" ("id","entity_type","entity_id","file_url","file_name","file_type","aspect_ratio","width","height","file_size","created_at") VALUES('ast_84629fe5999141cd','component_thumbnail','cvr_effb46f19a724d5a','/api/assets/component_thumbnail/cvr_effb46f19a724d5a/ast_84629fe5999141cd.png','sidebar_1.png','png',0.3907203907203907,320,819,40504,'2026-02-24 18:57:26');
INSERT INTO "assets" ("id","entity_type","entity_id","file_url","file_name","file_type","aspect_ratio","width","height","file_size","created_at") VALUES('ast_22e959772a974199','component_thumbnail','cvr_b78014e2c42b42ba','/api/assets/component_thumbnail/cvr_b78014e2c42b42ba/ast_22e959772a974199.png','sidebar_2.png','png',0.43956043956043955,360,819,47147,'2026-02-24 18:57:37');
INSERT INTO "assets" ("id","entity_type","entity_id","file_url","file_name","file_type","aspect_ratio","width","height","file_size","created_at") VALUES('ast_b81ab944774b4bbd','component_thumbnail','cvr_bb06c4e8de924368','/api/assets/component_thumbnail/cvr_bb06c4e8de924368/ast_b81ab944774b4bbd.png','sidebar_3.png','png',0.44078144078144077,361,819,62271,'2026-02-24 18:57:54');
INSERT INTO "assets" ("id","entity_type","entity_id","file_url","file_name","file_type","aspect_ratio","width","height","file_size","created_at") VALUES('ast_6359cdae37634282','component_thumbnail','cvr_b7b63cf965af49c3','/api/assets/component_thumbnail/cvr_b7b63cf965af49c3/ast_6359cdae37634282.svg','Language=UA (1).svg','svg',0,0,0,14207,'2026-02-24 21:32:03');
INSERT INTO "assets" ("id","entity_type","entity_id","file_url","file_name","file_type","aspect_ratio","width","height","file_size","created_at") VALUES('ast_d565cb616d57407f','concept_visual','con_de54f044021b4d16','/api/assets/concept_visual/con_de54f044021b4d16/ast_d565cb616d57407f.png','test.png','png',0.9324324324324325,345,370,186003,'2026-02-27 11:45:00');
INSERT INTO "assets" ("id","entity_type","entity_id","file_url","file_name","file_type","aspect_ratio","width","height","file_size","created_at") VALUES('ast_7eb29094d5da4edd','concept_visual','con_de54f044021b4d16','/api/assets/concept_visual/con_de54f044021b4d16/ast_7eb29094d5da4edd.png','ast_7dd5f27bc227456d.png','png',1.9945945945945946,738,370,384371,'2026-02-27 11:45:07');
INSERT INTO "assets" ("id","entity_type","entity_id","file_url","file_name","file_type","aspect_ratio","width","height","file_size","created_at") VALUES('ast_a762f947635f468e','concept_visual','con_de54f044021b4d16','/api/assets/concept_visual/con_de54f044021b4d16/ast_a762f947635f468e.svg','test.svg','svg',0,0,0,1303006,'2026-02-27 11:48:24');
INSERT INTO "assets" ("id","entity_type","entity_id","file_url","file_name","file_type","aspect_ratio","width","height","file_size","created_at") VALUES('ast_bc2feed069674ec5','concept_visual','con_de54f044021b4d16','/api/assets/concept_visual/con_de54f044021b4d16/ast_bc2feed069674ec5.png','ast_7dd5f27bc227456d.png','png',1.9945945945945946,738,370,384371,'2026-02-27 11:48:31');
INSERT INTO "assets" ("id","entity_type","entity_id","file_url","file_name","file_type","aspect_ratio","width","height","file_size","created_at") VALUES('ast_af5573d342a84bdb','concept_visual','con_89319dc7497c4fb1','/api/assets/concept_visual/con_89319dc7497c4fb1/ast_af5573d342a84bdb.png','concept_cake_1.png','png',1,944,944,1535925,'2026-02-27 12:42:58');
INSERT INTO "assets" ("id","entity_type","entity_id","file_url","file_name","file_type","aspect_ratio","width","height","file_size","created_at") VALUES('ast_94be8d1ecd6444f8','concept_visual','con_89319dc7497c4fb1','/api/assets/concept_visual/con_89319dc7497c4fb1/ast_94be8d1ecd6444f8.svg','Language=UA (1).svg','svg',0,0,0,14207,'2026-02-27 12:43:07');
INSERT INTO "assets" ("id","entity_type","entity_id","file_url","file_name","file_type","aspect_ratio","width","height","file_size","created_at") VALUES('ast_94708fbff2744859','concept_visual','con_89319dc7497c4fb1','/api/assets/concept_visual/con_89319dc7497c4fb1/ast_94708fbff2744859.png','Снимок экрана 2026-02-24 в 21.05.26.png','png',1.5470278404815652,4112,2658,1413769,'2026-02-27 12:43:23');
INSERT INTO "assets" ("id","entity_type","entity_id","file_url","file_name","file_type","aspect_ratio","width","height","file_size","created_at") VALUES('ast_8eb8b65a9da94e5f','component_thumbnail','cvr_46b145c20c8344f2','/api/assets/component_thumbnail/cvr_46b145c20c8344f2/ast_8eb8b65a9da94e5f.svg','Language=UA (1).svg','svg',0,0,0,14207,'2026-02-27 12:44:39');
INSERT INTO "assets" ("id","entity_type","entity_id","file_url","file_name","file_type","aspect_ratio","width","height","file_size","created_at") VALUES('ast_15491a0d58274a03','component_thumbnail','cvr_46b145c20c8344f2','/api/assets/component_thumbnail/cvr_46b145c20c8344f2/ast_15491a0d58274a03.png','banner_3.png','png',1.9322916666666667,371,192,86842,'2026-02-27 12:44:54');
INSERT INTO "assets" ("id","entity_type","entity_id","file_url","file_name","file_type","aspect_ratio","width","height","file_size","created_at") VALUES('ast_3cd5d72b12054db4','component_thumbnail','cvr_46b145c20c8344f2','/api/assets/component_thumbnail/cvr_46b145c20c8344f2/ast_3cd5d72b12054db4.png','banner_1.png','png',1.9322916666666667,371,192,103896,'2026-02-27 12:45:07');
INSERT INTO "assets" ("id","entity_type","entity_id","file_url","file_name","file_type","aspect_ratio","width","height","file_size","created_at") VALUES('ast_bf6bf0ba3a144669','concept_visual','con_60fcbb3a08584ad6','/api/assets/concept_visual/con_60fcbb3a08584ad6/ast_bf6bf0ba3a144669.png','Concept_Magic_East_2.png','png',0.6749116607773852,764,1132,1658966,'2026-02-27 13:39:47');
INSERT INTO "assets" ("id","entity_type","entity_id","file_url","file_name","file_type","aspect_ratio","width","height","file_size","created_at") VALUES('ast_b4733ee9ddac4025','concept_visual','con_de54f044021b4d16','/api/assets/concept_visual/con_de54f044021b4d16/ast_b4733ee9ddac4025.png','test.png','png',0.9324324324324325,345,370,186003,'2026-02-27 16:55:57');
INSERT INTO "assets" ("id","entity_type","entity_id","file_url","file_name","file_type","aspect_ratio","width","height","file_size","created_at") VALUES('ast_24de3e044769443e','concept_visual','con_de54f044021b4d16','/api/assets/concept_visual/con_de54f044021b4d16/ast_24de3e044769443e.png','ast_7dd5f27bc227456d.png','png',1.9945945945945946,738,370,384371,'2026-02-27 16:56:07');
INSERT INTO "assets" ("id","entity_type","entity_id","file_url","file_name","file_type","aspect_ratio","width","height","file_size","created_at") VALUES('ast_5211afba92ca425c','concept_visual','con_de54f044021b4d16','/api/assets/concept_visual/con_de54f044021b4d16/ast_5211afba92ca425c.png','test.png','png',0.9324324324324325,345,370,186003,'2026-02-27 16:56:48');
INSERT INTO "assets" ("id","entity_type","entity_id","file_url","file_name","file_type","aspect_ratio","width","height","file_size","created_at") VALUES('ast_3b82e5060dbb4f1a','concept_visual','con_de54f044021b4d16','/api/assets/concept_visual/con_de54f044021b4d16/ast_3b82e5060dbb4f1a.png','test.png','png',0.9324324324324325,345,370,186003,'2026-02-27 16:59:04');
INSERT INTO "assets" ("id","entity_type","entity_id","file_url","file_name","file_type","aspect_ratio","width","height","file_size","created_at") VALUES('ast_3c25fa32a7ca4e2d','concept_visual','con_de54f044021b4d16','/api/assets/concept_visual/con_de54f044021b4d16/ast_3c25fa32a7ca4e2d.png','ast_7dd5f27bc227456d.png','png',1.9945945945945946,738,370,384371,'2026-02-27 16:59:50');
INSERT INTO "assets" ("id","entity_type","entity_id","file_url","file_name","file_type","aspect_ratio","width","height","file_size","created_at") VALUES('ast_21799020764548b8','concept_visual','con_b37ec19481824c15','/api/assets/concept_visual/con_b37ec19481824c15/ast_21799020764548b8.svg','Language=UA (1).svg','svg',0,0,0,14207,'2026-02-27 17:05:07');
INSERT INTO "assets" ("id","entity_type","entity_id","file_url","file_name","file_type","aspect_ratio","width","height","file_size","created_at") VALUES('ast_ec8b8a56550b4400','concept_visual','con_97ab730b1abb452a','/api/assets/concept_visual/con_97ab730b1abb452a/ast_ec8b8a56550b4400.png','indiana_0.png','png',1.9945945945945946,738,370,384371,'2026-02-27 17:16:53');
INSERT INTO "assets" ("id","entity_type","entity_id","file_url","file_name","file_type","aspect_ratio","width","height","file_size","created_at") VALUES('ast_581ff349ef324087','component_thumbnail','cvr_ccbdfb2a036646be','/api/assets/component_thumbnail/cvr_ccbdfb2a036646be/ast_581ff349ef324087.png','tab_bar_1.png','png',5.065789473684211,385,76,13775,'2026-03-02 10:18:25');
INSERT INTO "assets" ("id","entity_type","entity_id","file_url","file_name","file_type","aspect_ratio","width","height","file_size","created_at") VALUES('ast_c953ae9eda714b0c','component_thumbnail','cvr_4fcf6f581ded4aab','/api/assets/component_thumbnail/cvr_4fcf6f581ded4aab/ast_c953ae9eda714b0c.svg','Language=UA (1).svg','svg',0,0,0,14207,'2026-03-02 10:45:28');
INSERT INTO "assets" ("id","entity_type","entity_id","file_url","file_name","file_type","aspect_ratio","width","height","file_size","created_at") VALUES('ast_a3ffb397a1534ad4','component_thumbnail','cvr_3758f465df904216','/api/assets/component_thumbnail/cvr_3758f465df904216/ast_a3ffb397a1534ad4.png','sidebar_3.png','png',0.44078144078144077,361,819,62271,'2026-03-02 10:58:39');
INSERT INTO "assets" ("id","entity_type","entity_id","file_url","file_name","file_type","aspect_ratio","width","height","file_size","created_at") VALUES('ast_ceb4519be37c4a58','component_thumbnail','cvr_3758f465df904216','/api/assets/component_thumbnail/cvr_3758f465df904216/ast_ceb4519be37c4a58.png','Concept_Energy_1.png','png',0.6754385964912281,770,1140,1563580,'2026-03-02 10:58:51');
INSERT INTO "assets" ("id","entity_type","entity_id","file_url","file_name","file_type","aspect_ratio","width","height","file_size","created_at") VALUES('ast_2a3d559522e34c5f','component_thumbnail','cvr_3758f465df904216','/api/assets/component_thumbnail/cvr_3758f465df904216/ast_2a3d559522e34c5f.png','Concept_Magic_East_2.png','png',0.6749116607773852,764,1132,1658966,'2026-03-02 10:59:02');
INSERT INTO "assets" ("id","entity_type","entity_id","file_url","file_name","file_type","aspect_ratio","width","height","file_size","created_at") VALUES('ast_53978390abe14143','concept_visual','con_adaf0b173fc6497b','/api/assets/concept_visual/con_adaf0b173fc6497b/ast_53978390abe14143.png','Concept_Magic_East_2.png','png',0.6749116607773852,764,1132,1658966,'2026-03-11 16:09:58');
INSERT INTO "assets" ("id","entity_type","entity_id","file_url","file_name","file_type","aspect_ratio","width","height","file_size","created_at") VALUES('ast_ca6551e31d1747f9','concept_visual','con_2dc185c3906f4a06','/api/assets/concept_visual/con_2dc185c3906f4a06/ast_ca6551e31d1747f9.png','Concept_Magic_East_2.png','png',0.6749116607773852,764,1132,1658966,'2026-03-18 09:06:03');
INSERT INTO "assets" ("id","entity_type","entity_id","file_url","file_name","file_type","aspect_ratio","width","height","file_size","created_at") VALUES('ast_6ddf6cc6ac114b7e','component_thumbnail','cvr_fa574a6bb9a54abd','/api/assets/component_thumbnail/cvr_fa574a6bb9a54abd/ast_6ddf6cc6ac114b7e.png','banner_2.png','png',1.9322916666666667,371,192,94355,'2026-03-18 09:15:20');
INSERT INTO "assets" ("id","entity_type","entity_id","file_url","file_name","file_type","aspect_ratio","width","height","file_size","created_at") VALUES('ast_225ddab123774381','component_thumbnail','cvr_7edfd070eb894015','/api/assets/component_thumbnail/cvr_7edfd070eb894015/ast_225ddab123774381.png','header_1.png','png',6.046875,387,64,4319,'2026-03-18 09:15:57');
INSERT INTO "assets" ("id","entity_type","entity_id","file_url","file_name","file_type","aspect_ratio","width","height","file_size","created_at") VALUES('ast_d3e0935b080a4140','component_thumbnail','cvr_ad9b536f652a4e81','/api/assets/component_thumbnail/cvr_ad9b536f652a4e81/ast_d3e0935b080a4140.png','thumbnails_2.png','png',1.855,371,200,180613,'2026-03-18 09:16:50');
INSERT INTO "assets" ("id","entity_type","entity_id","file_url","file_name","file_type","aspect_ratio","width","height","file_size","created_at") VALUES('ast_f4c3457ee01b4a14','component_thumbnail','cvr_f37383ee201c40e9','/api/assets/component_thumbnail/cvr_f37383ee201c40e9/ast_f4c3457ee01b4a14.png','tab_bar_3.png','png',4.526315789473684,344,76,7155,'2026-03-18 09:17:47');
INSERT INTO "assets" ("id","entity_type","entity_id","file_url","file_name","file_type","aspect_ratio","width","height","file_size","created_at") VALUES('ast_e29da26597b64b98','component_thumbnail','cvr_3b35e684ab1e4d2b','/api/assets/component_thumbnail/cvr_3b35e684ab1e4d2b/ast_e29da26597b64b98.png','sidebar_3.png','png',0.44078144078144077,361,819,62271,'2026-03-18 09:18:44');
INSERT INTO "assets" ("id","entity_type","entity_id","file_url","file_name","file_type","aspect_ratio","width","height","file_size","created_at") VALUES('ast_28029c0aa438425c','component_thumbnail','cvr_7f5b07a9ad854399','/api/assets/component_thumbnail/cvr_7f5b07a9ad854399/ast_28029c0aa438425c.png','header_1.png','png',6.046875,387,64,4319,'2026-03-18 09:29:25');
INSERT INTO "assets" ("id","entity_type","entity_id","file_url","file_name","file_type","aspect_ratio","width","height","file_size","created_at") VALUES('ast_03d59d9d73404105','component_thumbnail','cvr_5bb4b69bbab042ab','/api/assets/component_thumbnail/cvr_5bb4b69bbab042ab/ast_03d59d9d73404105.png','banner_1.png','png',1.9322916666666667,371,192,103896,'2026-03-18 09:29:57');
INSERT INTO "assets" ("id","entity_type","entity_id","file_url","file_name","file_type","aspect_ratio","width","height","file_size","created_at") VALUES('ast_871ac7c082c84a29','component_thumbnail','cvr_989357bfe7ff4891','/api/assets/component_thumbnail/cvr_989357bfe7ff4891/ast_871ac7c082c84a29.png','tab_bar_1.png','png',5.065789473684211,385,76,13775,'2026-03-18 09:30:30');
INSERT INTO "assets" ("id","entity_type","entity_id","file_url","file_name","file_type","aspect_ratio","width","height","file_size","created_at") VALUES('ast_690bbc2159b9477c','component_thumbnail','cvr_956e56de84134edd','/api/assets/component_thumbnail/cvr_956e56de84134edd/ast_690bbc2159b9477c.png','thumbnails_1.png','png',2.2083333333333335,371,168,146013,'2026-03-18 09:31:01');
INSERT INTO "assets" ("id","entity_type","entity_id","file_url","file_name","file_type","aspect_ratio","width","height","file_size","created_at") VALUES('ast_8f530b72d43c4f2f','component_thumbnail','cvr_1480e16af68d4549','/api/assets/component_thumbnail/cvr_1480e16af68d4549/ast_8f530b72d43c4f2f.png','sidebar_1.png','png',0.3907203907203907,320,819,40504,'2026-03-18 09:31:46');
INSERT INTO "assets" ("id","entity_type","entity_id","file_url","file_name","file_type","aspect_ratio","width","height","file_size","created_at") VALUES('ast_6097b821269c47f4','concept_visual','con_a8659337f5404683','/api/assets/concept_visual/con_a8659337f5404683/ast_6097b821269c47f4.png','Concept_Magic_East_2.png','png',0.6749116607773852,764,1132,1658966,'2026-03-18 09:33:16');
INSERT INTO "assets" ("id","entity_type","entity_id","file_url","file_name","file_type","aspect_ratio","width","height","file_size","created_at") VALUES('ast_9338647466d54779','component_thumbnail','cvr_d95f0f98592e4918','/api/assets/component_thumbnail/cvr_d95f0f98592e4918/ast_9338647466d54779.png','tab_bar_2.png','png',4.315789473684211,328,76,4032,'2026-03-18 14:08:32');
INSERT INTO "assets" ("id","entity_type","entity_id","file_url","file_name","file_type","aspect_ratio","width","height","file_size","created_at") VALUES('ast_ed74080d4b9e4e0d','concept_visual','con_61ad4d4454f44509','/api/assets/concept_visual/con_61ad4d4454f44509/ast_ed74080d4b9e4e0d.png','Concept_Magic_East_2.png','png',0.6749116607773852,764,1132,1658966,'2026-03-18 14:12:17');
INSERT INTO "assets" ("id","entity_type","entity_id","file_url","file_name","file_type","aspect_ratio","width","height","file_size","created_at") VALUES('ast_e079dde918dc4bef','concept_gallery_5','con_61ad4d4454f44509','/api/assets/concept_graphic_2/con_61ad4d4454f44509/ast_e079dde918dc4bef.png','_e.png','png',1.325,1696,1280,2926625,'2026-03-24 18:24:27');
INSERT INTO "assets" ("id","entity_type","entity_id","file_url","file_name","file_type","aspect_ratio","width","height","file_size","created_at") VALUES('ast_b11960609c014e5b','concept_gallery_5','con_61ad4d4454f44509','/api/assets/concept_graphic_2/con_61ad4d4454f44509/ast_b11960609c014e5b.png','_e.png','png',1.325,1696,1280,2926625,'2026-03-24 18:24:37');
INSERT INTO "assets" ("id","entity_type","entity_id","file_url","file_name","file_type","aspect_ratio","width","height","file_size","created_at") VALUES('ast_a64f05e64ff64921','concept_visual','con_61ad4d4454f44509','/api/assets/concept_visual/con_61ad4d4454f44509/ast_a64f05e64ff64921.png','Concept_Magic_East_2.png','png',0.6749116607773852,764,1132,1658966,'2026-03-24 18:25:30');
INSERT INTO "assets" ("id","entity_type","entity_id","file_url","file_name","file_type","aspect_ratio","width","height","file_size","created_at") VALUES('ast_1338b35e6df34fec','concept_gallery_2','con_61ad4d4454f44509','/api/assets/concept_gallery_1/con_61ad4d4454f44509/ast_1338b35e6df34fec.png','_e2.png','png',1.325,1696,1280,2988412,'2026-03-24 18:26:09');
INSERT INTO "assets" ("id","entity_type","entity_id","file_url","file_name","file_type","aspect_ratio","width","height","file_size","created_at") VALUES('ast_96ecdaf28c134c6d','concept_gallery_2','con_61ad4d4454f44509','/api/assets/concept_gallery_1/con_61ad4d4454f44509/ast_96ecdaf28c134c6d.png','_e.png','png',1.325,1696,1280,2926625,'2026-03-25 07:15:19');
INSERT INTO "assets" ("id","entity_type","entity_id","file_url","file_name","file_type","aspect_ratio","width","height","file_size","created_at") VALUES('ast_cb3319037d6045d3','concept_gallery_2','con_61ad4d4454f44509','/api/assets/concept_gallery_1/con_61ad4d4454f44509/ast_cb3319037d6045d3.png','_e.png','png',1.325,1696,1280,2926625,'2026-03-25 07:17:36');
INSERT INTO "assets" ("id","entity_type","entity_id","file_url","file_name","file_type","aspect_ratio","width","height","file_size","created_at") VALUES('ast_1000d5d8140741f7','concept_gallery_6','con_61ad4d4454f44509','/api/assets/concept_preview_mobile/con_61ad4d4454f44509/ast_1000d5d8140741f7.png','_e.png','png',1.325,1696,1280,2926625,'2026-03-25 07:18:03');
INSERT INTO "assets" ("id","entity_type","entity_id","file_url","file_name","file_type","aspect_ratio","width","height","file_size","created_at") VALUES('ast_2f3e2fe7fbda4b51','concept_gallery_2','con_61ad4d4454f44509','/api/assets/concept_gallery_1/con_61ad4d4454f44509/ast_2f3e2fe7fbda4b51.png','_e.png','png',1.325,1696,1280,2926625,'2026-03-25 07:19:03');
INSERT INTO "assets" ("id","entity_type","entity_id","file_url","file_name","file_type","aspect_ratio","width","height","file_size","created_at") VALUES('ast_4b36f8a32bfe4b30','concept_gallery_3','con_61ad4d4454f44509','/api/assets/concept_gallery_2/con_61ad4d4454f44509/ast_4b36f8a32bfe4b30.png','_e.png','png',1.325,1696,1280,2926625,'2026-03-25 07:21:53');
INSERT INTO "assets" ("id","entity_type","entity_id","file_url","file_name","file_type","aspect_ratio","width","height","file_size","created_at") VALUES('ast_67bcd091e86a4070','concept_gallery_2','con_61ad4d4454f44509','/api/assets/concept_gallery_1/con_61ad4d4454f44509/ast_67bcd091e86a4070.png','_e2.png','png',1.325,1696,1280,2988412,'2026-03-25 07:24:21');
INSERT INTO "assets" ("id","entity_type","entity_id","file_url","file_name","file_type","aspect_ratio","width","height","file_size","created_at") VALUES('ast_cb4e0eca4c514c71','concept_gallery_6','con_61ad4d4454f44509','/api/assets/concept_preview_mobile/con_61ad4d4454f44509/ast_cb4e0eca4c514c71.jpg','mobile.jpg','jpg',0.5623987034035657,694,1234,536089,'2026-03-25 07:46:18');
INSERT INTO "assets" ("id","entity_type","entity_id","file_url","file_name","file_type","aspect_ratio","width","height","file_size","created_at") VALUES('ast_6294a6e6bd8b49eb','concept_gallery_7','con_61ad4d4454f44509','/api/assets/concept_preview_web/con_61ad4d4454f44509/ast_6294a6e6bd8b49eb.jpg','desktop.jpg','jpg',1.525179856115108,1696,1112,1575161,'2026-03-25 07:46:29');
INSERT INTO "assets" ("id","entity_type","entity_id","file_url","file_name","file_type","aspect_ratio","width","height","file_size","created_at") VALUES('ast_3bce83f5159d4b69','concept_gallery_2','con_61ad4d4454f44509','/api/assets/concept_gallery_1/con_61ad4d4454f44509/ast_3bce83f5159d4b69.png','_e2.png','png',1.325,1696,1280,2988412,'2026-03-25 08:37:31');
INSERT INTO "assets" ("id","entity_type","entity_id","file_url","file_name","file_type","aspect_ratio","width","height","file_size","created_at") VALUES('ast_6d19ac05ce7b4497','concept_gallery_2','con_61ad4d4454f44509','/api/assets/concept_gallery_1/con_61ad4d4454f44509/ast_6d19ac05ce7b4497.png','_e.png','png',1.325,1696,1280,2926625,'2026-03-25 08:43:46');
INSERT INTO "assets" ("id","entity_type","entity_id","file_url","file_name","file_type","aspect_ratio","width","height","file_size","created_at") VALUES('ast_f8eefa836ee5400c','concept_gallery_2','con_61ad4d4454f44509','/api/assets/concept_gallery_1/con_61ad4d4454f44509/ast_f8eefa836ee5400c.png','_e2.png','png',1.325,1696,1280,2988412,'2026-03-25 08:50:18');
INSERT INTO "assets" ("id","entity_type","entity_id","file_url","file_name","file_type","aspect_ratio","width","height","file_size","created_at") VALUES('ast_3cdde06055704134','concept_gallery_3','con_61ad4d4454f44509','/api/assets/concept_gallery_2/con_61ad4d4454f44509/ast_3cdde06055704134.png','_e.png','png',1.325,1696,1280,2926625,'2026-03-25 08:51:17');
INSERT INTO "assets" ("id","entity_type","entity_id","file_url","file_name","file_type","aspect_ratio","width","height","file_size","created_at") VALUES('ast_1665cdb496b94d8f','concept_gallery_2','con_61ad4d4454f44509','/api/assets/concept_gallery_1/con_61ad4d4454f44509/ast_1665cdb496b94d8f.png','_e2.png','png',1.325,1696,1280,2988412,'2026-03-25 09:05:07');
INSERT INTO "assets" ("id","entity_type","entity_id","file_url","file_name","file_type","aspect_ratio","width","height","file_size","created_at") VALUES('ast_b6f5015951904c03','concept_gallery_2','con_61ad4d4454f44509','/api/assets/concept_gallery_1/con_61ad4d4454f44509/ast_b6f5015951904c03.png','_e2.png','png',1.325,1696,1280,2988412,'2026-03-25 09:08:16');
INSERT INTO "assets" ("id","entity_type","entity_id","file_url","file_name","file_type","aspect_ratio","width","height","file_size","created_at") VALUES('ast_8ad992f093f44675','concept_gallery_2','con_61ad4d4454f44509','/api/assets/concept_gallery_1/con_61ad4d4454f44509/ast_8ad992f093f44675.png','_e.png','png',1.325,1696,1280,2926625,'2026-03-25 09:08:58');
INSERT INTO "assets" ("id","entity_type","entity_id","file_url","file_name","file_type","aspect_ratio","width","height","file_size","created_at") VALUES('ast_a53487c4010c400b','concept_gallery_2','con_61ad4d4454f44509','/api/assets/concept_gallery_1/con_61ad4d4454f44509/ast_a53487c4010c400b.png','_e2.png','png',1.325,1696,1280,2988412,'2026-03-25 09:14:31');
INSERT INTO "assets" ("id","entity_type","entity_id","file_url","file_name","file_type","aspect_ratio","width","height","file_size","created_at") VALUES('ast_f4bb7e2c7b3b49b1','concept_gallery_2','con_61ad4d4454f44509','/api/assets/concept_gallery_1/con_61ad4d4454f44509/ast_f4bb7e2c7b3b49b1.png','_e.png','png',1.325,1696,1280,2926625,'2026-03-25 09:14:48');
INSERT INTO "assets" ("id","entity_type","entity_id","file_url","file_name","file_type","aspect_ratio","width","height","file_size","created_at") VALUES('ast_dd22492af9714635','concept_gallery_3','con_61ad4d4454f44509','/api/assets/concept_gallery_2/con_61ad4d4454f44509/ast_dd22492af9714635.png','_e2.png','png',1.325,1696,1280,2988412,'2026-03-25 09:15:01');
INSERT INTO "assets" ("id","entity_type","entity_id","file_url","file_name","file_type","aspect_ratio","width","height","file_size","created_at") VALUES('ast_b606ba426fa24998','concept_gallery_2','con_de54f044021b4d16','/api/assets/concept_gallery_1/con_de54f044021b4d16/ast_b606ba426fa24998.png','_e.png','png',1.325,1696,1280,2926625,'2026-03-25 09:32:34');
INSERT INTO "assets" ("id","entity_type","entity_id","file_url","file_name","file_type","aspect_ratio","width","height","file_size","created_at") VALUES('ast_c010ff1342b94ed3','concept_gallery_3','con_de54f044021b4d16','/api/assets/concept_gallery_2/con_de54f044021b4d16/ast_c010ff1342b94ed3.png','_e2.png','png',1.325,1696,1280,2988412,'2026-03-25 09:32:42');
INSERT INTO "assets" ("id","entity_type","entity_id","file_url","file_name","file_type","aspect_ratio","width","height","file_size","created_at") VALUES('ast_3bd5953f4df245ec','concept_gallery_6','con_de54f044021b4d16','/api/assets/concept_preview_mobile/con_de54f044021b4d16/ast_3bd5953f4df245ec.jpg','mobile.jpg','jpg',0.5623987034035657,694,1234,536089,'2026-03-25 09:32:49');
INSERT INTO "assets" ("id","entity_type","entity_id","file_url","file_name","file_type","aspect_ratio","width","height","file_size","created_at") VALUES('ast_e8d62029c641433c','concept_gallery_7','con_de54f044021b4d16','/api/assets/concept_preview_web/con_de54f044021b4d16/ast_e8d62029c641433c.jpg','desktop.jpg','jpg',1.525179856115108,1696,1112,1575161,'2026-03-25 09:32:59');
INSERT INTO "assets" ("id","entity_type","entity_id","file_url","file_name","file_type","aspect_ratio","width","height","file_size","created_at") VALUES('ast_6193c397ea0348f2','concept_gallery_2','con_61ad4d4454f44509','/api/assets/concept_gallery_1/con_61ad4d4454f44509/ast_6193c397ea0348f2.png','Frame.png','png',1,1520,1520,1370479,'2026-04-28 13:12:44');
INSERT INTO "assets" ("id","entity_type","entity_id","file_url","file_name","file_type","aspect_ratio","width","height","file_size","created_at") VALUES('ast_7c26c8a11273444f','concept_gallery_2','con_61ad4d4454f44509','/api/assets/concept_gallery_1/con_61ad4d4454f44509/ast_7c26c8a11273444f.png','Frame1.png','png',1,1520,1520,530919,'2026-04-28 13:19:04');
INSERT INTO "assets" ("id","entity_type","entity_id","file_url","file_name","file_type","aspect_ratio","width","height","file_size","created_at") VALUES('ast_9dcb32074ea344f2','concept_gallery_3','con_61ad4d4454f44509','/api/assets/concept_gallery_2/con_61ad4d4454f44509/ast_9dcb32074ea344f2.png','Frame2.png','png',1,1520,1520,1435296,'2026-04-28 13:19:23');
INSERT INTO "assets" ("id","entity_type","entity_id","file_url","file_name","file_type","aspect_ratio","width","height","file_size","created_at") VALUES('ast_b462d792f9f445de','concept_gallery_1','con_61ad4d4454f44509','/api/assets/concept_gallery_1/con_61ad4d4454f44509/ast_b462d792f9f445de.png','Frame1.png','png',1,1520,1520,530919,'2026-04-28 14:53:25');
INSERT INTO "assets" ("id","entity_type","entity_id","file_url","file_name","file_type","aspect_ratio","width","height","file_size","created_at") VALUES('ast_7bf5f58794ae4383','concept_gallery_2','con_61ad4d4454f44509','/api/assets/concept_gallery_2/con_61ad4d4454f44509/ast_7bf5f58794ae4383.png','Frame2.png','png',1,1520,1520,1435296,'2026-04-28 15:16:07');
INSERT INTO "assets" ("id","entity_type","entity_id","file_url","file_name","file_type","aspect_ratio","width","height","file_size","created_at") VALUES('ast_2b698b62a3a049e0','concept_gallery_3','con_61ad4d4454f44509','/api/assets/concept_gallery_3/con_61ad4d4454f44509/ast_2b698b62a3a049e0.png','Frame3.png','png',1,1520,1520,1469154,'2026-04-28 15:16:17');
INSERT INTO "assets" ("id","entity_type","entity_id","file_url","file_name","file_type","aspect_ratio","width","height","file_size","created_at") VALUES('ast_9db56ebe93ec4624','concept_gallery_4','con_61ad4d4454f44509','/api/assets/concept_gallery_4/con_61ad4d4454f44509/ast_9db56ebe93ec4624.png','Frame4.png','png',1,1520,1520,1404328,'2026-04-28 15:16:30');
INSERT INTO "assets" ("id","entity_type","entity_id","file_url","file_name","file_type","aspect_ratio","width","height","file_size","created_at") VALUES('ast_11a9cfac90094054','concept_gallery_5','con_61ad4d4454f44509','/api/assets/concept_gallery_5/con_61ad4d4454f44509/ast_11a9cfac90094054.png','Frame5.png','png',1,1520,1520,1383342,'2026-04-28 15:16:39');
INSERT INTO "assets" ("id","entity_type","entity_id","file_url","file_name","file_type","aspect_ratio","width","height","file_size","created_at") VALUES('ast_2a2157a9c04d42b7','concept_gallery_6','con_61ad4d4454f44509','/api/assets/concept_gallery_6/con_61ad4d4454f44509/ast_2a2157a9c04d42b7.png','Frame6.png','png',1,1520,1520,1370479,'2026-04-28 15:16:57');
INSERT INTO "assets" ("id","entity_type","entity_id","file_url","file_name","file_type","aspect_ratio","width","height","file_size","created_at") VALUES('ast_9480c05a053342be','concept_gallery_3','con_61ad4d4454f44509','/api/assets/concept_gallery_3/con_61ad4d4454f44509/ast_9480c05a053342be.png','Frame6.png','png',1,1520,1520,1370479,'2026-04-29 14:17:00');
INSERT INTO "assets" ("id","entity_type","entity_id","file_url","file_name","file_type","aspect_ratio","width","height","file_size","created_at") VALUES('ast_5acc21af00e94115','concept_gallery_1','con_de54f044021b4d16','/api/assets/concept_gallery_1/con_de54f044021b4d16/ast_5acc21af00e94115.png','Frame1.png','png',1,1520,1520,530919,'2026-04-29 15:33:56');
INSERT INTO "assets" ("id","entity_type","entity_id","file_url","file_name","file_type","aspect_ratio","width","height","file_size","created_at") VALUES('ast_834074887a2d4808','concept_gallery_2','con_de54f044021b4d16','/api/assets/concept_gallery_2/con_de54f044021b4d16/ast_834074887a2d4808.png','Frame2.png','png',1,1520,1520,1435296,'2026-04-29 15:34:03');
INSERT INTO "assets" ("id","entity_type","entity_id","file_url","file_name","file_type","aspect_ratio","width","height","file_size","created_at") VALUES('ast_650116b20eb7491e','concept_gallery_3','con_de54f044021b4d16','/api/assets/concept_gallery_3/con_de54f044021b4d16/ast_650116b20eb7491e.png','Frame3.png','png',1,1520,1520,1469154,'2026-04-29 15:34:11');
INSERT INTO "assets" ("id","entity_type","entity_id","file_url","file_name","file_type","aspect_ratio","width","height","file_size","created_at") VALUES('ast_3dba4304420f4651','concept_gallery_4','con_de54f044021b4d16','/api/assets/concept_gallery_4/con_de54f044021b4d16/ast_3dba4304420f4651.png','Frame4.png','png',1,1520,1520,1404328,'2026-04-29 15:34:20');
INSERT INTO "assets" ("id","entity_type","entity_id","file_url","file_name","file_type","aspect_ratio","width","height","file_size","created_at") VALUES('ast_3f1e6846be324299','concept_gallery_5','con_de54f044021b4d16','/api/assets/concept_gallery_5/con_de54f044021b4d16/ast_3f1e6846be324299.png','Frame5.png','png',1,1520,1520,1383342,'2026-04-29 15:34:28');
INSERT INTO "assets" ("id","entity_type","entity_id","file_url","file_name","file_type","aspect_ratio","width","height","file_size","created_at") VALUES('ast_ad7d9bf524064f63','concept_gallery_6','con_de54f044021b4d16','/api/assets/concept_gallery_6/con_de54f044021b4d16/ast_ad7d9bf524064f63.png','Frame6.png','png',1,1520,1520,1370479,'2026-04-29 15:34:36');
INSERT INTO "assets" ("id","entity_type","entity_id","file_url","file_name","file_type","aspect_ratio","width","height","file_size","created_at") VALUES('ast_6813d8f004dc46eb','concept_gallery_1','con_bcaa45568177445b','/api/assets/concept_gallery_1/con_bcaa45568177445b/ast_6813d8f004dc46eb.png','Frame1.png','png',1,1520,1520,530919,'2026-05-19 19:50:38');
INSERT INTO "assets" ("id","entity_type","entity_id","file_url","file_name","file_type","aspect_ratio","width","height","file_size","created_at") VALUES('ast_b3017626e85b4387','concept_gallery_1','con_bcaa45568177445b','/api/assets/concept_gallery_1/con_bcaa45568177445b/ast_b3017626e85b4387.png','Frame.png','png',1,1520,1520,1248766,'2026-05-19 19:52:00');
INSERT INTO "assets" ("id","entity_type","entity_id","file_url","file_name","file_type","aspect_ratio","width","height","file_size","created_at") VALUES('ast_b09b97ea13b942bc','concept_visual','con_61ad4d4454f44509','/api/assets/concept_visual/con_61ad4d4454f44509/ast_b09b97ea13b942bc.svg','pentest-xss.svg','svg',0,0,0,86,'2026-05-20 12:37:04');
INSERT INTO "assets" ("id","entity_type","entity_id","file_url","file_name","file_type","aspect_ratio","width","height","file_size","created_at") VALUES('ast_8f3866c971014df9','concept_visual','con_61ad4d4454f44509','/api/assets/concept_visual/con_61ad4d4454f44509/ast_8f3866c971014df9.png','Concept_Magic_East_2.png','png',0.6749116607773852,764,1132,1658966,'2026-05-21 08:36:28');
CREATE TABLE audit_log (
  id TEXT PRIMARY KEY,
  user_id TEXT NOT NULL,
  action TEXT NOT NULL,
  entity_type TEXT NOT NULL,
  entity_id TEXT NOT NULL,
  details TEXT,
  created_at TEXT NOT NULL DEFAULT (datetime('now')),
  FOREIGN KEY (user_id) REFERENCES users(id)
);
INSERT INTO "audit_log" ("id","user_id","action","entity_type","entity_id","details","created_at") VALUES('log_557211e2786c4aa3','usr_admin_001','create','concept','con_2242c7ace3154a3e','{"name":"Magic East"}','2026-02-24 16:51:38');
INSERT INTO "audit_log" ("id","user_id","action","entity_type","entity_id","details","created_at") VALUES('log_feefdd81206b4db5','usr_admin_001','create','concept','con_858f1509f0104856','{"name":"Energy"}','2026-02-24 16:57:24');
INSERT INTO "audit_log" ("id","user_id","action","entity_type","entity_id","details","created_at") VALUES('log_fcbc805708eb47be','usr_admin_001','create','concept','con_a9a43fb45c1b4cce','{"name":"Cake"}','2026-02-24 17:05:25');
INSERT INTO "audit_log" ("id","user_id","action","entity_type","entity_id","details","created_at") VALUES('log_268fe5354929483a','usr_admin_001','create','concept','con_bcaa45568177445b','{"name":"New Western"}','2026-02-24 17:06:18');
INSERT INTO "audit_log" ("id","user_id","action","entity_type","entity_id","details","created_at") VALUES('log_239ae395d24248e1','usr_admin_001','create','concept','con_de54f044021b4d16','{"name":"Secret Place"}','2026-02-24 17:07:00');
INSERT INTO "audit_log" ("id","user_id","action","entity_type","entity_id","details","created_at") VALUES('log_b375948d979342a2','usr_admin_001','create','concept','con_89319dc7497c4fb1','{"name":"test"}','2026-02-27 12:42:43');
INSERT INTO "audit_log" ("id","user_id","action","entity_type","entity_id","details","created_at") VALUES('log_b1303abd894b45a7','usr_admin_001','delete','concept','con_89319dc7497c4fb1',NULL,'2026-02-27 12:43:48');
INSERT INTO "audit_log" ("id","user_id","action","entity_type","entity_id","details","created_at") VALUES('log_901cb8eabb014663','usr_admin_001','create','concept','con_60fcbb3a08584ad6','{"name":"32к42"}','2026-02-27 13:39:36');
INSERT INTO "audit_log" ("id","user_id","action","entity_type","entity_id","details","created_at") VALUES('log_097fd796a9e649e3','usr_admin_001','delete','concept','con_60fcbb3a08584ad6',NULL,'2026-02-27 13:40:21');
INSERT INTO "audit_log" ("id","user_id","action","entity_type","entity_id","details","created_at") VALUES('log_c4abbd3461f04510','usr_admin_001','create','concept','con_b37ec19481824c15','{"name":"ц"}','2026-02-27 17:05:01');
INSERT INTO "audit_log" ("id","user_id","action","entity_type","entity_id","details","created_at") VALUES('log_98183623875943af','usr_admin_001','delete','concept','con_b37ec19481824c15',NULL,'2026-02-27 17:08:39');
INSERT INTO "audit_log" ("id","user_id","action","entity_type","entity_id","details","created_at") VALUES('log_d86d7c45f5134c0e','usr_admin_001','create','concept','con_97ab730b1abb452a','{"name":"у"}','2026-02-27 17:12:42');
INSERT INTO "audit_log" ("id","user_id","action","entity_type","entity_id","details","created_at") VALUES('log_012a01e425c34a0f','usr_admin_001','delete','concept','con_97ab730b1abb452a',NULL,'2026-02-27 17:17:03');
INSERT INTO "audit_log" ("id","user_id","action","entity_type","entity_id","details","created_at") VALUES('log_fde65b22aacb42a4','usr_admin_001','create','concept','con_fa156303c43d49a4','{"name":"ываыва"}','2026-03-02 11:02:40');
INSERT INTO "audit_log" ("id","user_id","action","entity_type","entity_id","details","created_at") VALUES('log_32ed33285e534ecb','usr_admin_001','delete','concept','con_fa156303c43d49a4',NULL,'2026-03-11 05:09:44');
INSERT INTO "audit_log" ("id","user_id","action","entity_type","entity_id","details","created_at") VALUES('log_e009392393e34093','usr_admin_001','create','concept','con_adaf0b173fc6497b','{"name":"Test"}','2026-03-11 16:09:29');
INSERT INTO "audit_log" ("id","user_id","action","entity_type","entity_id","details","created_at") VALUES('log_69e5aae315874a82','usr_admin_001','update','concept','con_adaf0b173fc6497b','{"name":"Test","description":"poipik;"}','2026-03-11 16:29:39');
INSERT INTO "audit_log" ("id","user_id","action","entity_type","entity_id","details","created_at") VALUES('log_5752959ec08548fb','usr_admin_001','delete','concept','con_adaf0b173fc6497b',NULL,'2026-03-11 16:30:13');
INSERT INTO "audit_log" ("id","user_id","action","entity_type","entity_id","details","created_at") VALUES('log_32fb82e7c8fb4b44','usr_admin_001','update','concept','con_de54f044021b4d16','{"name":"Secret Place","description":""}','2026-03-17 13:29:59');
INSERT INTO "audit_log" ("id","user_id","action","entity_type","entity_id","details","created_at") VALUES('log_9418cb493d38435d','usr_admin_001','update','concept','con_de54f044021b4d16','{"name":"Secret Place","description":""}','2026-03-17 13:30:24');
INSERT INTO "audit_log" ("id","user_id","action","entity_type","entity_id","details","created_at") VALUES('log_d22485b1531f4dc2','usr_admin_001','update','concept','con_de54f044021b4d16','{"name":"Secret Place","description":""}','2026-03-17 13:32:21');
INSERT INTO "audit_log" ("id","user_id","action","entity_type","entity_id","details","created_at") VALUES('log_1d55d0e8a7cc44ee','usr_admin_001','update','concept','con_de54f044021b4d16','{"name":"Secret Place","description":""}','2026-03-17 13:33:07');
INSERT INTO "audit_log" ("id","user_id","action","entity_type","entity_id","details","created_at") VALUES('log_6239066f010341b2','usr_admin_001','update','concept','con_de54f044021b4d16','{"name":"Secret Place","description":""}','2026-03-17 13:33:58');
INSERT INTO "audit_log" ("id","user_id","action","entity_type","entity_id","details","created_at") VALUES('log_f0a27de804aa4f9b','usr_admin_001','update','concept','con_de54f044021b4d16','{"name":"Secret Place","description":""}','2026-03-17 13:34:17');
INSERT INTO "audit_log" ("id","user_id","action","entity_type","entity_id","details","created_at") VALUES('log_998e44fe95f242be','usr_admin_001','update','concept','con_de54f044021b4d16','{"name":"Secret Place","description":"ыва"}','2026-03-17 13:35:15');
INSERT INTO "audit_log" ("id","user_id","action","entity_type","entity_id","details","created_at") VALUES('log_8f585d401f7b4e18','usr_admin_001','update','concept','con_de54f044021b4d16','{"name":"Secret Place","description":""}','2026-03-17 13:35:21');
INSERT INTO "audit_log" ("id","user_id","action","entity_type","entity_id","details","created_at") VALUES('log_a6a60a46178a4f3f','usr_admin_001','update','concept','con_de54f044021b4d16','{"name":"Secret Place","description":""}','2026-03-17 13:35:48');
INSERT INTO "audit_log" ("id","user_id","action","entity_type","entity_id","details","created_at") VALUES('log_28ce0f1219e2479d','usr_admin_001','update','concept','con_de54f044021b4d16','{"name":"Secret Place","description":""}','2026-03-17 13:35:50');
INSERT INTO "audit_log" ("id","user_id","action","entity_type","entity_id","details","created_at") VALUES('log_a064716032b24cba','usr_admin_001','update','concept','con_de54f044021b4d16','{"name":"Secret Place","description":"","mode":"light"}','2026-03-17 13:38:33');
INSERT INTO "audit_log" ("id","user_id","action","entity_type","entity_id","details","created_at") VALUES('log_8c6fba97fa8c413e','usr_admin_001','update','concept','con_bcaa45568177445b','{"name":"New Western","description":""}','2026-03-17 13:39:13');
INSERT INTO "audit_log" ("id","user_id","action","entity_type","entity_id","details","created_at") VALUES('log_ab5709d49fc64f9c','usr_admin_001','update','concept','con_bcaa45568177445b','{"name":"New Western","description":""}','2026-03-17 13:39:32');
INSERT INTO "audit_log" ("id","user_id","action","entity_type","entity_id","details","created_at") VALUES('log_16d58ee8c4384a7b','usr_admin_001','update','concept','con_de54f044021b4d16','{"name":"Secret Place","description":""}','2026-03-17 13:40:11');
INSERT INTO "audit_log" ("id","user_id","action","entity_type","entity_id","details","created_at") VALUES('log_45294e93ebc34ea5','usr_admin_001','update','concept','con_bcaa45568177445b','{"name":"New Western","description":""}','2026-03-17 13:41:49');
INSERT INTO "audit_log" ("id","user_id","action","entity_type","entity_id","details","created_at") VALUES('log_b9535d24588a4568','usr_admin_001','update','concept','con_de54f044021b4d16','{"name":"Secret Place","description":""}','2026-03-17 13:46:04');
INSERT INTO "audit_log" ("id","user_id","action","entity_type","entity_id","details","created_at") VALUES('log_c09c9eecbc84446c','usr_admin_001','update','concept','con_de54f044021b4d16','{"name":"Secret Place","description":""}','2026-03-17 13:46:19');
INSERT INTO "audit_log" ("id","user_id","action","entity_type","entity_id","details","created_at") VALUES('log_96ac655cd7e04d81','usr_admin_001','update','concept','con_de54f044021b4d16','{"name":"Secret Place","description":""}','2026-03-17 13:48:09');
INSERT INTO "audit_log" ("id","user_id","action","entity_type","entity_id","details","created_at") VALUES('log_5ffdc580774947f5','usr_admin_001','update','concept','con_de54f044021b4d16','{"name":"Secret Place","description":""}','2026-03-17 13:50:37');
INSERT INTO "audit_log" ("id","user_id","action","entity_type","entity_id","details","created_at") VALUES('log_a69ed25f8a5243c3','usr_admin_001','update','concept','con_de54f044021b4d16','{"name":"Secret Place","description":"","mode":"light"}','2026-03-17 13:57:43');
INSERT INTO "audit_log" ("id","user_id","action","entity_type","entity_id","details","created_at") VALUES('log_8fa22a02bfee42d7','usr_admin_001','update','concept','con_de54f044021b4d16','{"name":"Secret Place","description":""}','2026-03-17 14:01:51');
INSERT INTO "audit_log" ("id","user_id","action","entity_type","entity_id","details","created_at") VALUES('log_2c0074dcfb7c4cc0','usr_admin_001','update','concept','con_de54f044021b4d16','{"name":"Secret Place","description":"","mode":"light"}','2026-03-17 14:08:31');
INSERT INTO "audit_log" ("id","user_id","action","entity_type","entity_id","details","created_at") VALUES('log_838990f1f70b4a64','usr_admin_001','update','concept','con_bcaa45568177445b','{"name":"New Western","description":"","mode":"dark"}','2026-03-17 14:08:48');
INSERT INTO "audit_log" ("id","user_id","action","entity_type","entity_id","details","created_at") VALUES('log_8ba45c96122e4431','usr_admin_001','update','concept','con_bcaa45568177445b','{"name":"New Western","description":"","mode":"light"}','2026-03-17 14:28:01');
INSERT INTO "audit_log" ("id","user_id","action","entity_type","entity_id","details","created_at") VALUES('log_22b42ca749514c1c','usr_admin_001','update','concept','con_a9a43fb45c1b4cce','{"name":"Cake","description":"","mode":"light"}','2026-03-17 14:28:08');
INSERT INTO "audit_log" ("id","user_id","action","entity_type","entity_id","details","created_at") VALUES('log_53ab605713fd4452','usr_admin_001','update','concept','con_858f1509f0104856','{"name":"Energy","description":"","mode":"dark"}','2026-03-17 14:28:16');
INSERT INTO "audit_log" ("id","user_id","action","entity_type","entity_id","details","created_at") VALUES('log_ec4da7d5c6274409','usr_admin_001','update','concept','con_2242c7ace3154a3e','{"name":"Magic East","description":"","mode":"dark"}','2026-03-17 14:40:51');
INSERT INTO "audit_log" ("id","user_id","action","entity_type","entity_id","details","created_at") VALUES('log_0deab5d8b5c34768','usr_admin_001','create','concept','con_2dc185c3906f4a06','{"name":"Magic East","naming_ids":[]}','2026-03-18 09:05:22');
INSERT INTO "audit_log" ("id","user_id","action","entity_type","entity_id","details","created_at") VALUES('log_818955ae63b640f1','usr_admin_001','create','concept','con_a8659337f5404683','{"name":"Magic East","naming_ids":[]}','2026-03-18 09:33:02');
INSERT INTO "audit_log" ("id","user_id","action","entity_type","entity_id","details","created_at") VALUES('log_0e3d2e52c9044731','usr_admin_001','delete','concept','con_a8659337f5404683',NULL,'2026-03-18 14:00:21');
INSERT INTO "audit_log" ("id","user_id","action","entity_type","entity_id","details","created_at") VALUES('log_795fac839ade44b4','usr_admin_001','delete','concept','con_2242c7ace3154a3e',NULL,'2026-03-18 14:06:43');
INSERT INTO "audit_log" ("id","user_id","action","entity_type","entity_id","details","created_at") VALUES('log_711653afd78d4734','usr_admin_001','create','concept','con_61ad4d4454f44509','{"name":"Magic East","naming_ids":["exn_c355487822724741"]}','2026-03-18 14:12:03');
INSERT INTO "audit_log" ("id","user_id","action","entity_type","entity_id","details","created_at") VALUES('log_12005184bf74417d','usr_admin_001','update','concept','con_61ad4d4454f44509','{"name":"Magic East","description":"Східна магія та традиційна естетика","mode":"dark"}','2026-03-25 09:57:58');
INSERT INTO "audit_log" ("id","user_id","action","entity_type","entity_id","details","created_at") VALUES('log_58ad59212beb4c23','usr_admin_001','update','concept','con_61ad4d4454f44509','{"name":"Magic East","description":"Східна магія та традиційна естетика","mode":"dark"}','2026-03-25 09:57:58');
INSERT INTO "audit_log" ("id","user_id","action","entity_type","entity_id","details","created_at") VALUES('log_54c279c57ca64771','usr_admin_001','update','concept','con_de54f044021b4d16','{"name":"Secret Place","description":"Східна магія та традиційна естетика","mode":"light"}','2026-03-25 09:58:39');
INSERT INTO "audit_log" ("id","user_id","action","entity_type","entity_id","details","created_at") VALUES('log_0f74c5a94e2a41aa','usr_admin_001','create','concept','con_ce276d66a25542f9','{"name":"pentest-probe","naming_ids":[]}','2026-05-20 12:32:01');
INSERT INTO "audit_log" ("id","user_id","action","entity_type","entity_id","details","created_at") VALUES('log_08c1260c92284db7','usr_admin_001','delete','concept','con_ce276d66a25542f9',NULL,'2026-05-20 12:33:11');
INSERT INTO "audit_log" ("id","user_id","action","entity_type","entity_id","details","created_at") VALUES('log_ff6af6bda0374ddd','usr_admin_001','create','concept','con_8e59cbbc9b884190','{"name":"<script>alert(1)</script>","naming_ids":[]}','2026-05-20 12:36:33');
INSERT INTO "audit_log" ("id","user_id","action","entity_type","entity_id","details","created_at") VALUES('log_891310d7193843bf','usr_admin_001','delete','concept','con_8e59cbbc9b884190',NULL,'2026-05-20 12:37:00');
INSERT INTO "audit_log" ("id","user_id","action","entity_type","entity_id","details","created_at") VALUES('log_35ae253c556343fd','usr_admin_001','create','concept','con_28aa95028c0549c6','{"name":"ssti-test","naming_ids":[]}','2026-05-20 12:39:45');
INSERT INTO "audit_log" ("id","user_id","action","entity_type","entity_id","details","created_at") VALUES('log_1408125b09714beb','usr_admin_001','delete','concept','con_28aa95028c0549c6',NULL,'2026-05-20 12:40:13');
INSERT INTO "audit_log" ("id","user_id","action","entity_type","entity_id","details","created_at") VALUES('log_48625e7ef2be4f02','usr_admin_001','create','concept','con_6a174cb2150346c5','{"name":"mass-test","naming_ids":[]}','2026-05-20 12:52:07');
INSERT INTO "audit_log" ("id","user_id","action","entity_type","entity_id","details","created_at") VALUES('log_97ef903816724949','usr_admin_001','create','concept','con_6ffe59866bbc430a','{"name":"proto-test","naming_ids":[]}','2026-05-20 12:52:08');
INSERT INTO "audit_log" ("id","user_id","action","entity_type","entity_id","details","created_at") VALUES('log_3e0b691b8f3c46dd','usr_admin_001','delete','concept','con_6a174cb2150346c5',NULL,'2026-05-20 12:53:03');
INSERT INTO "audit_log" ("id","user_id","action","entity_type","entity_id","details","created_at") VALUES('log_6715982b99bb47b9','usr_admin_001','delete','concept','con_6ffe59866bbc430a',NULL,'2026-05-20 12:53:03');
INSERT INTO "audit_log" ("id","user_id","action","entity_type","entity_id","details","created_at") VALUES('log_9f26c1ab78134221','usr_admin_001','create','concept','con_180fc1b644b44a52','{"name":"test\u0000admin","naming_ids":[]}','2026-05-20 12:54:30');
INSERT INTO "audit_log" ("id","user_id","action","entity_type","entity_id","details","created_at") VALUES('log_73bccf64700b4b3c','usr_admin_001','delete','concept','con_180fc1b644b44a52',NULL,'2026-05-20 12:55:30');
INSERT INTO "audit_log" ("id","user_id","action","entity_type","entity_id","details","created_at") VALUES('log_96aad0dab8124c72','usr_admin_001','create','concept','con_e15f401fbabc4134','{"name":"shared-db-test-1779281877","naming_ids":[]}','2026-05-20 12:57:57');
INSERT INTO "audit_log" ("id","user_id","action","entity_type","entity_id","details","created_at") VALUES('log_91281509e47740a7','usr_admin_001','delete','concept','con_e15f401fbabc4134',NULL,'2026-05-20 12:57:58');
INSERT INTO "audit_log" ("id","user_id","action","entity_type","entity_id","details","created_at") VALUES('log_d06606e0568e4207','usr_admin_001','update','concept','con_61ad4d4454f44509','{"name":"Magic East","description":"Східна магія та традиційна естетика","mode":"dark"}','2026-05-20 13:00:26');
CREATE TABLE brands (id TEXT PRIMARY KEY, internal_name TEXT, status TEXT NOT NULL DEFAULT 'draft', created_by TEXT NOT NULL, geo TEXT, launch_date TEXT, mode TEXT, concept_id TEXT, concept_comment TEXT, external_naming_ids TEXT, external_naming_comment TEXT, internal_naming_id TEXT, internal_naming_comment TEXT, pr_package_id TEXT, pr_package_comment TEXT, legal_landing INTEGER NOT NULL DEFAULT 0, partner_landing INTEGER NOT NULL DEFAULT 0, deliverables_comment TEXT, component_selections TEXT, components_comment TEXT, delegate_to_designers INTEGER NOT NULL DEFAULT 0, new_concept_brief TEXT, ceo_comments TEXT, ceo_selections TEXT, step_data TEXT, current_step INTEGER NOT NULL DEFAULT 1, created_at TEXT NOT NULL DEFAULT (datetime('now')), updated_at TEXT NOT NULL DEFAULT (datetime('now')), development_deadline TEXT, new_naming_brief TEXT, FOREIGN KEY (created_by) REFERENCES users(id), FOREIGN KEY (concept_id) REFERENCES concepts(id) ON DELETE SET NULL, FOREIGN KEY (pr_package_id) REFERENCES pr_packages(id) ON DELETE SET NULL);
INSERT INTO "brands" ("id","internal_name","status","created_by","geo","launch_date","mode","concept_id","concept_comment","external_naming_ids","external_naming_comment","internal_naming_id","internal_naming_comment","pr_package_id","pr_package_comment","legal_landing","partner_landing","deliverables_comment","component_selections","components_comment","delegate_to_designers","new_concept_brief","ceo_comments","ceo_selections","step_data","current_step","created_at","updated_at","development_deadline","new_naming_brief") VALUES('brand_3ae937d4e6a44b4e','New Brand #1','needs_revision','usr_ad7987044775410c','AU','2026-05-31','light','con_de54f044021b4d16','1111','["exn_c7a7860ee2b84ba2"]','111','inn_786f8da7ee7c4320','1111','prp_dd76d8c14d2643b0','111',1,1,'1111111111111','{"ct_header":"cvr_7f5b07a9ad854399","ct_banners":"cvr_5bb4b69bbab042ab","ct_thumbnails":"cvr_956e56de84134edd","ct_tabbar":"cvr_989357bfe7ff4891","ct_sidebar":"cvr_1480e16af68d4549"}','111',0,NULL,'{"concept":{"value":"222","resolved":false,"resolvedAt":null},"externalNaming":{"value":"222","resolved":false,"resolvedAt":null},"internalNaming":{"value":"222","resolved":false,"resolvedAt":null}}','{"concept":"con_bcaa45568177445b","externalNaming":["exn_875f276872ae4971"],"internalNaming":"inn_50e80e585f534808"}','{"stepLayoutVersion":2,"brandBasics":{"geo":["AU"],"launchDate":"2026-05-31","linkedProduct":"Thor","comment":"111"},"mode":"light","concept":{"selectedId":"con_de54f044021b4d16","comment":"1111","newConceptBrief":null},"externalNaming":{"selectedIds":["exn_c7a7860ee2b84ba2"],"comment":"111","newNamingBrief":null},"internalNaming":{"selectedId":"inn_786f8da7ee7c4320","comment":"1111","newNamingFeedback":null},"marketingPackage":{"selectedId":"prp_dd76d8c14d2643b0","comment":"111"},"deliverables":{"legalLanding":true,"partnerLanding":true,"developmentDeadline":"2026-05-31","comment":"1111111111111"},"visualComponents":{"selections":{"ct_header":"cvr_7f5b07a9ad854399","ct_banners":"cvr_5bb4b69bbab042ab","ct_thumbnails":"cvr_956e56de84134edd","ct_tabbar":"cvr_989357bfe7ff4891","ct_sidebar":"cvr_1480e16af68d4549"},"delegateToDesigners":false,"comment":"111"}}',6,'2026-05-24T06:46:46.772Z','2026-05-24T08:02:53.061Z','2026-05-31',NULL);
CREATE INDEX idx_concepts_status ON concepts(status);
CREATE INDEX idx_concepts_created_by ON concepts(created_by);
CREATE INDEX idx_external_namings_concept_id ON external_namings(concept_id);
CREATE INDEX idx_external_namings_status ON external_namings(status);
CREATE INDEX idx_internal_namings_status ON internal_namings(status);
CREATE INDEX idx_component_variants_type_id ON component_variants(component_type_id);
CREATE INDEX idx_component_variants_status ON component_variants(status);
CREATE INDEX idx_assets_entity ON assets(entity_type, entity_id);
CREATE INDEX idx_audit_log_entity ON audit_log(entity_type, entity_id);
CREATE INDEX idx_audit_log_user ON audit_log(user_id);
CREATE INDEX idx_concepts_mode ON concepts(mode);
CREATE INDEX idx_brands_status ON brands(status);
CREATE INDEX idx_brands_created_by ON brands(created_by);
